SMILES_Ligands,Metal,Abbreviation_in_the_article,Experiment,Model,Cell_line_inoculated,Species,Strain,Route,Dose_mg_kg,Group_size,Target,Treatment_context,PDT,baseline_volume_mm3,result_tumor_volume_mm3,control_tumor_volume_mm3,result_tumor_weight_g,control_tumor_weight_g,TGI_volume,TGI_weight,Timepoint_days,Notes,DOI,reference_drug,reference_dose_mg_kg,reference_tumor_volume_mm3,reference_tumor_weight_g,reference_TGI_volume,reference_TGI_weight,schedule,max_weight_loss_pct,drug_related_deaths,vehicle
Clc1cc(-c2ccccn2)nc(-c2ccccn2)c1.NCCN.[Cl-],Ru,Ru-1,syngeneic,subcutaneous,CT-26,mouse,BALB/c,i.p.,2,6,primary_tumor,monotherapy,FALSE,100,1100,1900,0.95,1.9,42.1,50.0,18,Fig. 8A Day 18; control ~1900 mm3; oxaliplatin ~1050 mm3; p<0.05,10.3390/molecules25204699,oxaliplatin,2,1050,0.58,44.7,69.5,Q3Dx4,0,,saline
Clc1cc(-c2ccccn2)nc(-c2ccccn2)c1.N[C@H]1CCCC[C@@H]1N.[Cl-],Ru,Ru-2,syngeneic,subcutaneous,CT-26,mouse,BALB/c,i.p.,2,6,primary_tumor,monotherapy,FALSE,100,1600,1900,1.58,1.9,15.8,16.8,18,Fig. 8A Day 18; control ~1900 mm3; Ru-2 ~1600 mm3; not significant,10.3390/molecules25204699,oxaliplatin,2,1050,0.58,44.7,69.5,Q3Dx4,0,,saline
O=C(O)c1ccc([S-])cc1.c1ccc(P(c2ccccc2)c2ccccc2)cc1,Au,Ti-Au 5,xenograft,subcutaneous,Caki-1,mouse,NOD.CB17-Prkdc SCID/J,i.p.,3,6,primary_tumor,monotherapy,FALSE,,41.33,397.07,,,89.6,,28,MW=804.52; starting tumor ~palpable 6mm; vehicle control tumor volume 397.07±14.96 mm3; compound administered in 0.1% DMSO/0.9% NaCl; no weight loss observed,10.1039/c5sc01753j,,,,,,,Q2Dx14,,0/6,0.1% DMSO/0.9% NaCl
,Au,Ti-Au 3,xenograft,subcutaneous,Caki-1,mouse,NOD.CB17-Prkdc SCID/J,i.p.,7.5,6,primary_tumor,monotherapy,FALSE,,311.11,397.07,,,21.6,,28,MW~1051 (TiAu2 compound from Organometallics 2014); vehicle control tumor volume 397.07±14.96 mm3; no weight loss observed,10.1039/c5sc01753j,,,,,,,Q2Dx14,,0/6,0.1% DMSO/0.9% NaCl
CN(C)C([S-])=NN=C(c1ccccc1)c1cc(Cl)ccc1[O-].[Cl-],Au,C3,xenograft,intracranial,Luc-U87-MG,mouse,BALB/c nude,i.v.,2.5,5,primary_tumor,monotherapy,FALSE,,11,33,0.017,0.037,66.7,54.1,16,Fig. 4E | Orthotopic intracranial glioma; injected every 2 days; bioluminescence + MRI monitoring | Fig. 4F,10.1016/j.ejmech.2024.117171,temozolomide,5,17,0.023,48.5,37.8,Q2Dx8,0,0/5,saline
CN(C)C([S-])=NN=C(c1ccccc1)c1cc(Cl)ccc1[O-].[Cl-],Au,C3,xenograft,intracranial,Luc-U87-MG,mouse,BALB/c nude,i.v.,5,5,primary_tumor,monotherapy,FALSE,,6,33,0.007,0.037,81.8,81.1,16,Fig. 4F; exact values from graph | TM control IRT=37.3%; orthotopic intracranial model; injected every 2 days | Fig. 4E; exact values from graph,10.1016/j.ejmech.2024.117171,temozolomide,5,17,0.023,48.5,37.8,Q2Dx8,0,0/5,saline
CS(C)=O.CS(C)=O.O=C(NC[C@H](O)CO)c1cnc2c3c(cccc13)-c1ccccc1C2=O.[Cl-].[Cl-],Ru,6,xenograft,subcutaneous,BEL-7402,mouse,BALB/c nude,i.p.,12.5,7,primary_tumor,monotherapy,FALSE,,490,775,0.57,0.87,36.8,34.5,18,[converted from T/C=60.3%] Fig. 21C; tumor weight ~0.57g vs control ~0.87g; p<0.05 | Fig. 21C; control ~0.87g | Fig. 21A; hepatocarcinoma xenograft; transplanted as fragments; treatment started at 100-150 mm3 | Fig. 21A; control ~775 mm3 on day 18,10.1021/acs.jmedchem.5b00444,cisplatin,2,210,0.22,72.9,75.0,BIDx17,0,,5% DMSO/saline
CS(C)=O.CS(C)=O.O=C(NC[C@H](O)CO)c1cnc2c3c(cccc13)-c1ccccc1C2=O.[Cl-].[Cl-],Ru,6,xenograft,subcutaneous,BEL-7402,mouse,BALB/c nude,i.p.,25,7,primary_tumor,monotherapy,FALSE,,370,775,0.41,0.87,52.3,52.3,18,[converted from T/C=47.6%] Fig. 21C; control ~0.87g | Fig. 21A; control ~775 mm3 on day 18 | Fig. 21A; hepatocarcinoma xenograft; transplanted as fragments; treatment started at 100-150 mm3 | Fig. 21C; tumor weight ~0.41g vs control ~0.87g; p<0.05,10.1021/acs.jmedchem.5b00444,cisplatin,2,210,0.22,72.9,75.0,BIDx17,0,,5% DMSO/saline
[c-]1ccsc1-c1ccccn1.[c-]1ccsc1-c1ccccn1.c1ccc2nc3c4cccnc4c4ncccc4c3nc2c1,Ir,Ir4,xenograft,subcutaneous,A549,mouse,BALB/c nude,i.p.,2.5,5,primary_tumor,monotherapy,FALSE,100,175,357,,,51.0,,11,"Fig. 9a; relative tumor volume x100mm3 baseline; TGI from text=50.0%; graph-read: control~3.57x, Ir4 2.5~1.75x, Ir4 5~1.25x, cisplatin~1.90x",10.1021/acs.jmedchem.8b01704,cisplatin,5,190,,46.8,,Q3Dx4,8.5,0/5,saline
[c-]1ccsc1-c1ccccn1.[c-]1ccsc1-c1ccccn1.c1ccc2nc3c4cccnc4c4ncccc4c3nc2c1,Ir,Ir4,xenograft,subcutaneous,A549,mouse,BALB/c nude,i.p.,5,5,primary_tumor,monotherapy,FALSE,100,125,357,,,65.0,,11,"Fig. 9a; relative tumor volume x100mm3 baseline; TGI from text=58.1%; graph-read: control~3.57x, Ir4 5~1.25x",10.1021/acs.jmedchem.8b01704,cisplatin,5,190,,46.8,,Q3Dx4,4.7,0/5,saline
,Ir,3blip,syngeneic,subcutaneous,B16,mouse,C57BL/6,i.p.,1.4,5,primary_tumor,nanoformulation,FALSE,,652.817,855.215,0.862,1.408,23.7,38.8,8,"Fig.8b shows relative tumor volume (V/V0), not absolute; absolute volumes from text: treated=652.817±5.62 mm3, control=855.215±18.07 mm3; TGI_volume calculated from text values; authors report TGI by weight=38.78%; Fig.8d; liposome-entrapped 3b (bzq-based); free 3b inactive in vitro/in vivo; no organ damage (H&E); mild alveolar wall thickening in lungs",10.1021/acs.jmedchem.4c01026,,,,,,,QDx8,0,0/5,saline
,Ir,3blip,syngeneic,subcutaneous,B16,mouse,C57BL/6,i.p.,2.1,5,primary_tumor,nanoformulation,FALSE,,153.058,855.215,0.225,1.408,82.1,84.0,8,"Fig.8b shows relative tumor volume (V/V0), not absolute; absolute volumes from text: treated=153.058±12.18 mm3, control=855.215±18.07 mm3; TGI_volume calculated from text values; authors report TGI by weight=83.95%; Fig.8d; liposome-entrapped 3b (bzq-based); free 3b inactive in vitro/in vivo; no organ damage (H&E); mild alveolar wall thickening in lungs",10.1021/acs.jmedchem.4c01026,,,,,,,QDx8,0,0/5,saline
CN(C)C([S-])=NN=Cc1c(O)ccc2ccccc12.[c-]1ccccc1-c1nccc2ccccc12.[c-]1ccccc1-c1nccc2ccccc12,Ir,Ir5,xenograft,subcutaneous,BEL-7402/DDP,mouse,BALB/c,i.v.,1.5,5,primary_tumor,monotherapy,FALSE,,680,1200,0.72,1.20,43.3,40.0,21,graph-read Fig.5B/5C day 21; CDDP-resistant human liver cancer xenograft; tumor ~80mm3 at start; i.v. Q2Dx11; no body weight loss (Fig.5E); no organ toxicity (Fig.5G); CDDP TGI_volume=16.7% TGI_weight=13.3%,10.1021/acs.jmedchem.3c02227,cisplatin,3,1000,1.04,16.7,13.3,Q2Dx11,0,0/5,NaCl
CN(C)C([S-])=NN=Cc1c(O)ccc2ccccc12.[c-]1ccccc1-c1nccc2ccccc12.[c-]1ccccc1-c1nccc2ccccc12,Ir,Ir5,xenograft,subcutaneous,BEL-7402/DDP,mouse,BALB/c,i.v.,3.0,5,primary_tumor,monotherapy,FALSE,,500,1200,0.49,1.20,58.3,59.2,21,graph-read Fig.5B/5C day 21; CDDP-resistant human liver cancer xenograft; tumor ~80mm3 at start; i.v. Q2Dx11; no body weight loss (Fig.5E); no organ toxicity (Fig.5G); CDDP TGI_volume=16.7% TGI_weight=13.3%,10.1021/acs.jmedchem.3c02227,cisplatin,3,1000,1.04,16.7,13.3,Q2Dx11,0,0/5,NaCl
Nc1ccnc(-c2ccccn2)c1.[c-]1ccccc1-c1ccc2ccccc2n1.[c-]1ccccc1-c1ccc2ccccc2n1,Ir,Ir2,xenograft,subcutaneous,MIA PaCa-2,mouse,BALB/c,i.t.,8,5,primary_tumor,monotherapy,FALSE,,720,1100,0.45,0.90,34.5,50.0,18,"Fig.8B graph-read day 17; control=saline group; TGI_volume authors report 50.1% (likely T/C-based method, not (C-T)/C); Fig.8C graph-read; TGI_weight consistent with authors 50.1%; organ toxicity noted (liver congestion, lung hemorrhage, heart inflammation, renal tubular dilation)",10.1021/acs.jmedchem.4c00280,,,,,,,Q4Dx5,0,0/5,saline
,Ir,Ir2@F127,xenograft,subcutaneous,MIA PaCa-2,mouse,BALB/c,i.t.,8,5,primary_tumor,nanoformulation,FALSE,,520,1220,0.33,1.13,57.4,70.8,18,Fig.8B graph-read day 17; control=control-F127 group; TGI_volume authors report 70.5% (likely T/C-based method); Fig.8C graph-read; TGI_weight consistent with authors 70.5%; temperature-sensitive Pluronic F127 hydrogel; no organ toxicity vs free Ir2; p<0.0001,10.1021/acs.jmedchem.4c00280,,,,,,,Q4Dx5,0,0/5,saline
[Cl-].c1ccc(-c2ccc(-[c-]3cccc3)cc2)cc1.c1ccc(-c2ccnc3c2ccc2c(-c4ccccc4)ccnc23)cc1,Ir,6,xenograft,subcutaneous,A549,mouse,nude,i.p.,1,5,primary_tumor,monotherapy,FALSE,,390,1425,0.255,0.790,72.6,67.7,20,graph-read Fig.11b/11c day 20; vehicle saline control; A549 NSCLC xenograft; tumor ~100mm3 at start; cisplatin TGI_volume=50.9% TGI_weight=56.3%,10.1021/acs.jmedchem.3c00704,cisplatin,1,700,0.345,50.9,56.3,Q4Dx5+day19,9,0/5,2.5% DMSO/10% PEG-400/saline
,Ir,Lipo-6,xenograft,subcutaneous,A549,mouse,nude,i.p.,0.2,5,primary_tumor,nanoformulation,FALSE,,290,1425,0.265,0.670,79.6,60.4,20,graph-read Fig.11b/11c day 20; vehicle liposome control (by design); DSPE-PEG2000-biotin liposome of Ir6; 1 death on day 19; 11-fold higher tumor Ir vs free Ir6; comparable efficacy to free Ir6 at 5x lower dose,10.1021/acs.jmedchem.3c00704,cisplatin,1,700,0.345,50.9,48.5,Q5Dx4+day19,25,1/5,saline
Cc1c(C)c(C)[c-](C)c1C.ClCCN(CCCl)c1ccc(/N=N/c2ccncc2)cc1.[c-]1ccccc1-c1ccccn1,Ir,IrCpNM,xenograft,subcutaneous,A549,mouse,,i.t.,5,6,primary_tumor,monotherapy,FALSE,,737.1,1498.1,0.68,1.30,50.8,47.7,18,"Fig.6h; tumor volumes from text: IrCpNM=737.1 mm3, control=1498.1 mm3; TGI_volume calculated from text; Fig.6g graph-read; hypoxia-responsive prodrug (azo linker); no organ damage observed; body weight stable throughout; xenograft model under normoxic conditions in vivo",10.1021/acs.inorgchem.4c00060,,,,,,,Q2Dx9,0,0/6,saline
Cc1c(C)c(C)[c-](C)c1C.Nc1ccncc1.[c-]1ccccc1-c1ccccn1,Ir,IrCpNH2,xenograft,subcutaneous,A549,mouse,,i.t.,5,6,primary_tumor,monotherapy,FALSE,,1047.0,1498.1,1.00,1.30,30.1,23.1,18,"Fig.6h; tumor volumes from text: IrCpNH2=1047.0 mm3, control=1498.1 mm3; TGI_volume calculated from text; Fig.6g graph-read; ROS-inducing control complex without nitrogen mustard; no organ damage observed; body weight stable throughout",10.1021/acs.inorgchem.4c00060,,,,,,,Q2Dx9,0,0/6,saline
O=[N+]([O-])c1ccc(/C=C/c2nc3c4cccnc4c4ncccc4c3[nH]2)cc1.[c-]1ccccc1-c1nccc2ccccc12.[c-]1ccccc1-c1nccc2ccccc12,Ir,YQ2,xenograft,subcutaneous,A375,mouse,BALB/c nude,i.t.,0.011,5,primary_tumor,monotherapy,TRUE,,300,2000,,,85.0,,14,Fig.3b-c; TP-PDT Group IV (YQ2 + 808 nm LPL); Groups I-III (PBS±light; YQ2 dark) all reached ~2000 mm3 at day 14; TGI_volume=85% confirmed by authors; dose: 20 uL of 10 uM YQ2 i.t. (not converted to mg/kg); 808 nm LPL 100 mW/cm2; light dose 30 J/cm2; single intratumoral injection; no body weight loss; H&E organs normal; Ir residue detected only in tumor/kidney/liver; t1/2=43 h; PDT=TRUE (two-photon excitation),10.1021/acs.inorgchem.3c02364,,,,,,,QDx1,0,0/5,PBS
Cc1c(C)c(C)[c-](-c2ccccc2)c1C.Cc1ccc(N(c2ccc(C)cc2)c2ccc(C=Cc3ccncc3)cc2)cc1.[Cl-].[Cl-],Ir,Ir6,xenograft,subcutaneous,A549,mouse,nude,i.t.,3,3,primary_tumor,monotherapy,FALSE,100,1450,,1.2,,,,14,"Fig.9c graph-read day 14; no untreated control group — only cisplatin vs Ir6; TGI_volume and TGI_weight not calculable (no vehicle control); cisplatin group: volume ~1800 mm3 (graph-read), weight 1.45±0.43 g (text); Ir6 group: volume ~1450 mm3 (graph-read), weight 1.20±0.59 g (text); Fig.9c x-axis labeled in hours but experiment is 14 days (typographic error); single intratumoral dose; no body weight change; cisplatin group showed lung metastasis on H&E",10.1021/acs.inorgchem.2c03333,cisplatin,3,1800,1.45,,,QDx1,0,0/3,
O=c1[nH]c(=O)n([C@H]2C[C@H](O)C(CO)O2)cc1-c1cn(-c2ccc(/C=C/c3nc4c5cccnc5c5ncccc5c4[nH]3)cc2)nn1.c1ccc(-c2ccccn2)nc1.c1ccc(-c2ccccn2)nc1,Ru,RdU,xenograft,subcutaneous,MDA-MB-231,mouse,BALB/c nude,i.v.,10,4,primary_tumor,monotherapy,TRUE,300,700,2100,0.45,1.025,66.7,56.1,26,"Fig.7f graph-read day 18 of treatment (day 26 from implantation); control=~2100 mm3, RdU+Light=~700 mm3; baseline ~300 mm3 at day 1 of treatment; Fig.7e graph-read: control~1025 mg, RdU+Light~450 mg; TGI_volume=66.7%; TGI_weight=56.1%; PDT: 650 nm LED 300 mW/cm2 5 min every 2 days (even days); drug i.v. every 2 days (odd days); no body weight loss; H&E organs normal; RdU accumulates in liver and tumor (ICP); light alone and RdU alone groups not significantly different from control (ns)",10.1021/jacsau.3c00808,,,,,,,Q2Dx9,0,0/4,PBS
[c-]1ccccc1-c1ccccn1.c1cc2ccc3cccc4c5nc(-c6cnccn6)nnc5c(c1)c2c34.c1ccc(-c2ccccn2)nc1,Ru,Ru7,xenograft,subcutaneous,A549cisR,mouse,nude,i.p.,2.0,10,primary_tumor,monotherapy,FALSE,,250,1100,,,77.3,,24,graph-read Fig.6B day 24; text: 23.3% of control; A549R cisplatin-resistant xenograft; i.p. Q4Dx7; n=10; no body weight loss observed (Fig.6C); cisplatin ineffective due to resistance (TGI=20.9%),10.1002/anie.202006089,cisplatin,4,870,,20.9,,Q4Dx7,0,0/10,saline
[c-]1ccccc1-c1ccccn1.c1cc2ccc3cccc4c5nc(-c6cnccn6)nnc5c(c1)c2c34.c1ccc(-c2ccccn2)nc1,Ru,Ru7,xenograft,subcutaneous,A549cisR,mouse,nude,i.p.,0.5,10,primary_tumor,monotherapy,FALSE,,500,1100,,,54.5,,24,graph-read Fig.6B day 24; A549R cisplatin-resistant xenograft; i.p. Q4Dx7; n=10; no body weight loss observed (Fig.6C); cisplatin ineffective due to resistance (TGI=20.9%),10.1002/anie.202006089,cisplatin,4,870,,20.9,,Q4Dx7,0,0/10,saline
CC#N.CC#N.[c-]1ccccc1-c1ccccn1.c1cnc2c(c1)ccc1cccnc12,Ru,RDC11,syngeneic,subcutaneous,3LL,mouse,C57BL/6,i.p.,8.81,7,primary_tumor,monotherapy,FALSE,,1050,1750,,,40.0,,20,13.3 mmol/kg; MW=662.54 g/mol; result volume calculated from %Ct=60% (Table 2); control from Fig.S2j graph-read ~1750mm3; s.c. inoculation 5e5 cells; BIW from ~100mm3; 2 independent experiments; differences not statistically significant,10.1039/c9qi01148j,,,,,,,BIWx6,,,PBS/5% Cremophore
[c-]1ccccc1-c1ccccn1.c1cnc2c(c1)ccc1cccnc12.c1cnc2c(c1)ccc1cccnc12,Ru,RDC34,syngeneic,subcutaneous,3LL,mouse,C57BL/6,i.p.,3.04,7,primary_tumor,monotherapy,FALSE,,1085,1750,,,38.0,,20,4 mmol/kg; MW=760.644 g/mol; result volume calculated from %Ct=62% (Table 2); control from Fig.S2j graph-read ~1750mm3; s.c. inoculation 5e5 cells; BIW from ~100mm3; 2 independent experiments; differences not statistically significant,10.1039/c9qi01148j,,,,,,,BIWx6,,,PBS/5% Cremophore
CC#N.CC#N.[c-]1ccccc1-c1ccccn1.c1cnc2c(c1)ccc1cccnc12,Os,ODC2,syngeneic,subcutaneous,3LL,mouse,C57BL/6,i.p.,9.99,7,primary_tumor,monotherapy,FALSE,,800,1750,,,54.3,,20,13.3 mmol/kg; MW=751.7 g/mol; Os analogue of RDC11; graph-read Fig.S2j day 20; control~1750mm3; 2 independent experiments; differences not statistically significant,10.1039/c9qi01148j,,,,,,,BIWx6,,,PBS/5% Cremophore
[c-]1ccccc1-c1ccccn1.c1cnc2c(c1)ccc1cccnc12.c1cnc2c(c1)ccc1cccnc12,Os,ODC3,syngeneic,subcutaneous,3LL,mouse,C57BL/6,i.p.,3.40,7,primary_tumor,monotherapy,FALSE,,1075,1750,,,38.6,,20,4 mmol/kg; MW=849.804 g/mol; Os analogue of RDC34; graph-read Fig.S2j day 20; control~1750mm3; 2 independent experiments; differences not statistically significant,10.1039/c9qi01148j,,,,,,,BIWx6,,,PBS/5% Cremophore
Cc1ccnc(-c2cc(C)ccn2)c1.Cc1ccnc(-c2cc(C)ccn2)c1.c1ccc(N(c2ccccc2)c2ccc(-c3nc4c5cccnc5c5ncccc5c4[nH]3)cc2)cc1,Ru,2,syngeneic,subcutaneous,B16,mouse,C57BL/6,i.p.,7,5,primary_tumor,monotherapy,FALSE,,,,1.63,2.32,,29.7,7,Fig 11b/c; tumor weight exact from figure; relative volume only (no absolute values); QDx7; no body weight loss observed; slight liver/kidney changes at 10mg/kg not at 7mg/kg,10.1016/j.jinorgbio.2022.111963,,,,,,,QDx7,0,0/5,saline
Cc1ccnc(-c2cc(C)ccn2)c1.Cc1ccnc(-c2cc(C)ccn2)c1.c1ccc(N(c2ccccc2)c2ccc(-c3nc4c5cccnc5c5ncccc5c4[nH]3)cc2)cc1,Ru,2,syngeneic,subcutaneous,B16,mouse,C57BL/6,i.p.,10,5,primary_tumor,monotherapy,FALSE,,,,0.79,2.32,,65.9,7,Fig 11b/c; tumor weight exact from figure; relative volume only (no absolute values); QDx7; no body weight loss; slight hepatocyte swelling and inflammatory infiltration at 10mg/kg (H&E),10.1016/j.jinorgbio.2022.111963,,,,,,,QDx7,0,0/5,saline
CC1=CC(=O)c2c([O-])cccc2C1=O.CS(C)=O.CS(C)=O.[Cl-],Ru,Ru1,xenograft,subcutaneous,MGC-803,mouse,BALB/c nude,i.p.,5.0,5,primary_tumor,monotherapy,FALSE,,720.0,1250,0.64,1.08,42.4,40.8,15,[converted from T/C=58.0%] Fig. 14C; inhibition ratio 40.8%; absolute weight not extracted | Fig. 14A; estimated from graph day 15; saline control ~1250 mm3; T/C confirms reading | Fig. 14A; tumor volume T/C%; route inferred from ref 10.1021/acs.jmedchem.5b00444 same group,10.1016/j.ejmech.2022.114312,,,,,,,Q2Dx8,0,0/5,saline
CC1=CC(=O)c2c([O-])cccc2C1=O.c1ccc(-c2ccccn2)nc1.c1ccc(-c2ccccn2)nc1,Ru,Ru2,xenograft,subcutaneous,MGC-803,mouse,BALB/c nude,i.p.,5.0,5,primary_tumor,monotherapy,FALSE,,630.0,1250,0.62,1.08,49.6,43.1,15,[converted from T/C=51.1%] Fig. 14C; inhibition ratio 43.1% | Fig. 14A; tumor volume T/C% | Fig. 14A; estimated from graph day 15; saline control ~1250 mm3; T/C confirms reading,10.1016/j.ejmech.2022.114312,,,,,,,Q2Dx8,0,0/5,saline
CC1=CC(=O)c2c([O-])cccc2C1=O.c1cnc2c(c1)ccc1cccnc12.c1cnc2c(c1)ccc1cccnc12,Ru,Ru3,xenograft,subcutaneous,MGC-803,mouse,BALB/c nude,i.p.,5.0,5,primary_tumor,monotherapy,FALSE,,610.0,1250,0.55,1.08,51.2,48.8,15,[converted from T/C=48.6%] Fig. 14A; estimated from graph day 15; saline control ~1250 mm3; T/C confirms reading | Fig. 14A; tumor volume T/C% | Fig. 14C; inhibition ratio 48.8%,10.1016/j.ejmech.2022.114312,,,,,,,Q2Dx8,0,0/5,saline
CC1=CC(=O)c2c([O-])cccc2C1=O.c1ccc(-c2ccnc3c2ccc2c(-c4ccccc4)ccnc23)cc1.c1ccc(-c2ccnc3c2ccc2c(-c4ccccc4)ccnc23)cc1,Ru,Ru4,xenograft,subcutaneous,MGC-803,mouse,BALB/c nude,i.p.,5.0,5,primary_tumor,monotherapy,FALSE,,460.0,1250,0.52,1.08,63.2,51.8,15,[converted from T/C=37.2%] Fig. 14A; tumor volume T/C%; best efficacy in series | Fig. 14C; inhibition ratio 51.8% | Fig. 14A; estimated from graph day 15; saline control ~1250 mm3; T/C confirms reading,10.1016/j.ejmech.2022.114312,,,,,,,Q2Dx8,0,0/5,saline
,Ru,Ru1lipo,xenograft,subcutaneous,SGC-7901,mouse,nude,i.v.,1.23,6,primary_tumor,nanoformulation,FALSE,,,,0.415,0.893,41.2,53.5,8,graph-read Fig.7c day 8; relative tumor volume V/V0 only; control~8.5x; Ru1lipo 1.23mg/kg~5.0x; no absolute values available; TGI_volume from graph-read; TGI_weight from text (53.52%); no body weight loss (Fig.7d),10.1016/j.ejmech.2023.115541,,,,,,,QDx8,0,0/6,saline
,Ru,Ru1lipo,xenograft,subcutaneous,SGC-7901,mouse,nude,i.v.,2.46,6,primary_tumor,nanoformulation,FALSE,,,,0.242,0.893,69.4,72.9,8,graph-read Fig.7c day 8; relative tumor volume V/V0 only; control~8.5x; Ru1lipo 2.46mg/kg~2.6x; no absolute values available; TGI_volume from graph-read; TGI_weight from text (72.90%); no body weight loss (Fig.7d),10.1016/j.ejmech.2023.115541,,,,,,,QDx8,0,0/6,saline
C=C(CC)C(=O)c1ccc(OCC(=O)NCCCn2ccnc2)c(Cl)c1Cl.COc1cc(/C=C/C(=O)c2c([O-])cc(C)oc2=O)cc(OC)c1OC.Cc1ccc(C(C)C)cc1,Ru,4e,xenograft,subcutaneous,MCF-7,mouse,BALB/c nude,i.p.,5.0,5,primary_tumor,monotherapy,FALSE,100,800,1450,0.41,0.82,44.8,50.0,15,Fig. 12; tumor weight-based; route written as i.p. in methods but likely typo for i.v. given i.v. context; vehicle 0.9% saline+5% DMSO | Fig. 12b; control ~0.82g; cisplatin ~0.35g | Fig. 12a; estimated from graph day 15; control ~1450 mm3; cisplatin ~600 mm3,10.1016/j.jinorgbio.2024.112778,cisplatin,2,600,0.35,58.6,57.3,BIWx2,0,0/5,0.9% saline + 5% DMSO
C=C(CC)C(=O)c1ccc(OCC(=O)NCCCn2ccnc2)c(Cl)c1Cl.COc1cc(/C=C/C(=O)c2c([O-])cc(C)oc2=O)cc(OC)c1OC.Cc1ccc(C(C)C)cc1,Ru,4e,xenograft,subcutaneous,MCF-7,mouse,BALB/c nude,i.p.,10.0,5,primary_tumor,monotherapy,FALSE,100,480,1450,0.23,0.82,66.9,71.9,15,Fig. 12b; control ~0.82g | Fig. 12; tumor weight-based; higher than cisplatin (59.25%) | Fig. 12a; estimated from graph day 15; control ~1450 mm3,10.1016/j.jinorgbio.2024.112778,cisplatin,2,600,0.35,58.6,57.3,BIWx2,3,0/5,0.9% saline + 5% DMSO
CCCCCCCCn1[c-][n+](C2=NC3C=CC=CC3S2)cc1.Cc1ccc(C(C)C)cc1.[Cl-],Ru,Ru4,xenograft,subcutaneous,A2780,mouse,BALB/c nude,i.p.,14.62,8,primary_tumor,monotherapy,FALSE,,,,0.57,1.65,,65.5,21,Fig. 8e; control (DMSO/saline) ~1.65g; cisplatin ~1.10g; p<0.01 vs control; approximate from graph; sacrificed day 21 per SI | A2780 i.p. metastatic model; 3 doses on day 0/3/6; cisplatin TGI=36.7%; original dose 20 umol/kg,10.1016/j.ejmech.2020.112605,cisplatin,6,,1.10,,33.3,Q3Dx3,0,0/8,DMSO/saline 1:1
Cc1c(C)c(C)c(Cn2[c-][n+](C3=NC4C=CC=CC4S3)cc2)c(C)c1C.Cc1ccc(C(C)C)cc1.[Cl-],Ru,Ru6,xenograft,subcutaneous,A2780,mouse,BALB/c nude,i.p.,15.58,8,primary_tumor,monotherapy,FALSE,,,,0.6,1.65,,63.6,21,A2780 i.p. metastatic model; 3 doses on day 0/3/6; cisplatin TGI=36.7%; original dose 20 umol/kg | Fig. 8e; control (DMSO/saline) ~1.65g; cisplatin ~1.10g; p<0.0001 vs control; approximate from graph; sacrificed day 21 per SI,10.1016/j.ejmech.2020.112605,cisplatin,6,,1.10,,33.3,Q3Dx3,4,0/8,DMSO/saline 1:1
CCCCN(CCCC)C(=S)[S-].[c-]1ccccc1-c1nccc2cc3c(cc12)OCO3,Au,Au-1,syngeneic,subcutaneous,CT-26,mouse,BALB/c,i.v.,10.0,7,primary_tumor,monotherapy,FALSE,50,480,1200,0.39,1.5,60,74.0,14,Bilateral tumor model; oxaliplatin control IRT=46.1%; primary tumor starting ~50mm3 | Bilateral tumor model; oxaliplatin control IRT=61.6%,10.1021/acs.jmedchem.5c03654,oxaliplatin,7,800,0.81,33.3,46.0,Q2Dx2,0,0/7,saline
CCCCN(CCCC)C(=S)[S-].[c-]1ccccc1-c1nccc2cc3c(cc12)OCO3,Au,Au-1,syngeneic,subcutaneous,CT-26,mouse,BALB/c,i.v.,10.0,7,distant_tumor,monotherapy,FALSE,50,130,900,0.15,0.9,85.6,83.3,14,"Distant tumor; bilateral model; IRT=83.9% vs Oxa 61.6%; Fig.3G,I,K",10.1021/acs.jmedchem.5c03654,oxaliplatin,7,350,0.35,61.1,61.1,Q2Dx2,0,0/7,saline
CCCCN(CCCC)C(=S)[S-].[c-]1ccccc1-c1nccc2cc3c(cc12)OCO3,Au,Au-1,syngeneic,subcutaneous,CT-26,mouse,BALB/c,i.v.,10.0,7,primary_tumor,monotherapy,FALSE,50,480,1600,0.73,1.28,70,43.0,24,Au-1 alone; aPD-1 alone IRT=22.5%; Oxa IRT=34.0%; CT-26 syngeneic BALB/c | Au-1 + anti-PD-1 (200 ug/mouse); highest efficacy among all groups,10.1021/acs.jmedchem.5c03654,oxaliplatin,7,820,0.85,48.8,33.6,Q2Dx12,0,0/7,saline
CCCCN(CCCC)C(=S)[S-].[c-]1ccccc1-c1nccc2cc3c(cc12)OCO3,Au,Au-1 + aPD-1,syngeneic,subcutaneous,CT-26,mouse,BALB/c,i.v.,10.0,7,primary_tumor,combination,FALSE,50,350,1600,0.43,1.28,78.1,66.4,24,"Au-1 (10mg/kg) + anti-PD-1 (200ug/mouse); IRT=66.2%; Fig.4A,C",10.1021/acs.jmedchem.5c03654,oxaliplatin,7,820,0.85,48.8,33.6,Q2Dx12,0,0/7,saline
CCn1[c-][n+](CC)cc1.[C-]#CCOC(=O)[C@@]1(C)CC[C@]2(C)CC[C@]3(C)C(=CC(=O)[C@@H]4[C@@]5(C)CC[C@H](OC(=O)CCCCC[P+](c6ccccc6)(c6ccccc6)c6ccccc6)C(C)(C)[C@@H]5CC[C@]43C)[C@@H]2C1,Au,9b,syngeneic,subcutaneous,Hepa1-6,mouse,C57BL/6,i.p.,5.0,6,primary_tumor,monotherapy,FALSE,100,370,1475,,,74.9,,14,"Fig. 8D; treatment started when tumors palpable ~day 7; oxaliplatin IRT=59% | Fig. 8C; graph-read values: control~1475, 9b~370, Oxa~600 mm3 at day 12; oxaliplatin 59% reduction",10.1021/acs.jmedchem.3c01785,oxaliplatin,5,600,,59.3,,Q2Dx7,0,0/6,
CCn1[c-][n+](CC)cc1.[C-]#CCOC(=O)[C@@]1(C)CC[C@]2(C)CC[C@]3(C)C(=CC(=O)[C@@H]4[C@@]5(C)CC[C@H](OC(=O)CCCCC[P+](c6ccccc6)(c6ccccc6)c6ccccc6)C(C)(C)[C@@H]5CC[C@]43C)[C@@H]2C1,Au,9b,PDX,subcutaneous,HCC,mouse,NOD-SCID,i.p.,5.0,6,primary_tumor,monotherapy,FALSE,,13,49,0.0085,0.0295,73.5,71.2,14,"Fig. 10C/D; graph-read values: control~49mm3/~29.5mg, AF~39mm3/~21mg, 9b~13mm3/~8.5mg; TGI_volume: 9b=73.5% AF=20.4%; TGI_weight: 9b=71.2% AF=28.8%; treatment started >20mm3; NOD-SCID PDX F1 HCC model",10.1021/acs.jmedchem.3c01785,auranofin,5,39,0.021,20.4,28.8,Q2Dx7,0,0/6,
O=C(CCC(=O)Nc1cc2cccnc2c2ncccc12)NCCc1ccccc1.[c-]1ccccc1-c1ccccn1.[c-]1ccccc1-c1ccccn1,Ir,Ir1,syngeneic,subcutaneous,SCC7,mouse,C57BL/6,i.t.,5,6,primary_tumor,monotherapy,TRUE,200,285,520,0.19,0.46,45.2,58.7,17,"PDT: 425 nm laser, 20 mW/cm2, 30 min after i.t. injection; Ir1 once weekly x2",10.1016/j.cej.2023.145516,,,,,,,Q7Dx2,,0/6,saline
,Ir,Ir1+BMS1,syngeneic,subcutaneous,SCC7,mouse,C57BL/6,i.t.+i.p.,5+2.5,6,primary_tumor,combination,TRUE,200,115,520,0.10,0.46,77.9,78.3,17,"Ir1 i.t. Q7Dx2 + PDT (425 nm, 20 mW/cm2, 30 min); BMS1 i.p. Q3Dx6; combination with PD-L1 checkpoint inhibitor",10.1016/j.cej.2023.145516,,,,,,,Q7Dx2+Q3Dx6,,0/6,saline
Cc1ccc(C(C)C)cc1.Cc1ccc2nc3c4cccnc4c4ncccc4c3nc2c1.[Cl-],Ru,3A,syngeneic,subcutaneous,CT-26,mouse,BALB/c,i.p.,8,5,primary_tumor,monotherapy,FALSE,,430,1500,0.5,2.0,71.3,75.0,21,Fig 4B/4C; approximate from graph; text: '3-4x smaller than vehicle'; control sacrificed at ~1500 mm3; body weight loss not more than 7% (Fig 4D); no clinical signs of toxicity; H&E: normal kidney and liver architecture,10.1021/acs.inorgchem.3c00570,,,,,,,Q2Dx5,7,0/5,1% DMSO/Cremophor EL/saline
CCN(CC)c1ccc(-c2nc(-n3nc(C)cc3C)nc(-n3nc(C)cc3C)n2)cc1.c1ccc(-c2cccc(-c3ccccn3)n2)nc1,Ru,Ru(II) complex 1,xenograft,subcutaneous,CD133+HCT-116,mouse,Swiss nude,i.p.,0.03,6,primary_tumor,monotherapy,FALSE,100,810,1800,1.6,3.2,55.0,50.0,14,Fig 9D/E; TGI_volume from text (55%); tumor volume graph-read ~1800 mm3 control; treatment started at ~100 mm3; daily i.p. x14; CD133+ CSC xenograft,10.1016/j.ejmech.2018.07.048,,,,,,,QDx14,0,0/6,PBS/4% DMSO
CCN(CC)c1ccc(-c2nc(-n3nc(C)cc3C)nc(-n3nc(C)cc3C)n2)cc1.c1ccc(-c2cccc(-c3ccccn3)n2)nc1,Ru,Ru(II) complex 1,xenograft,subcutaneous,CD133+HCT-116,mouse,Swiss nude,i.p.,0.06,6,primary_tumor,monotherapy,FALSE,100,360,1800,1.15,3.2,80.0,64.1,14,Fig 9D/E; TGI_volume from text (80%); tumor volume graph-read ~1800 mm3 control; treatment started at ~100 mm3; daily i.p. x14; CD133+ CSC xenograft,10.1016/j.ejmech.2018.07.048,,,,,,,QDx14,0,0/6,PBS/4% DMSO
O=C1C=CC=CC1[O-].c1ccc(-c2ccnc3c2ccc2c(-c4ccccc4)ccnc23)cc1.c1ccc(-c2ccnc3c2ccc2c(-c4ccccc4)ccnc23)cc1,Ru,Ru-sq,syngeneic,subcutaneous,Ehrlich mammary carcinoma,mouse,NMRI,i.p.,5,7,primary_tumor,monotherapy,FALSE,,,,1.20,1.97,,39.1,10,Fig 7; graph-read; tumor weight day 10; n=7 (half of 14 sacrificed day 10); ns vs control (p=0.108); cisplatin TGI_weight=77.2%; i.p. solubility issues with DMSO vehicle,10.1021/acs.jmedchem.0c00431,cisplatin,5,,0.45,,77.2,Q7Dx2,,,DMSO/water
O=C1C=CC=CC1[O-].c1ccc(-c2ccnc3c2ccc2c(-c4ccccc4)ccnc23)cc1.c1ccc(-c2ccnc3c2ccc2c(-c4ccccc4)ccnc23)cc1,Ru,Ru-sq,syngeneic,subcutaneous,Ehrlich mammary carcinoma,mouse,NMRI,i.p.,10,7,primary_tumor,monotherapy,FALSE,,,,1.97,1.97,,0.0,10,Fig 7; graph-read; tumor weight day 10; n=7; no inhibition vs control; cisplatin TGI_weight=77.2%,10.1021/acs.jmedchem.0c00431,cisplatin,5,,0.45,,77.2,Q7Dx2,,,DMSO/water
O=C1C=CC=CC1[O-].c1ccc(-c2ccnc3c2ccc2c(-c4ccccc4)ccnc23)cc1.c1ccc(-c2ccnc3c2ccc2c(-c4ccccc4)ccnc23)cc1,Ru,Ru-sq,syngeneic,subcutaneous,Ehrlich mammary carcinoma,mouse,NMRI,i.p.,15,7,primary_tumor,monotherapy,FALSE,,,,1.75,1.97,,11.2,10,Fig 7; graph-read; tumor weight day 10; n=7; ns vs control; cisplatin TGI_weight=77.2%,10.1021/acs.jmedchem.0c00431,cisplatin,5,,0.45,,77.2,Q7Dx2,,,DMSO/water
O=C1C=CC=CC1[O-].c1ccc(-c2ccnc3c2ccc2c(-c4ccccc4)ccnc23)cc1.c1ccc(-c2ccnc3c2ccc2c(-c4ccccc4)ccnc23)cc1,Ru,Ru-sq,xenograft,subcutaneous,A2780,mouse,nude (athymic),i.p.,5,8,primary_tumor,monotherapy,FALSE,,3000,3350,,,10.4,,15,Fig 9; graph-read day 15; volumes in cm3 converted to mm3; ns vs control; treatment started at 5-8mm diameter; i.p. solubility issues noted; some deaths possibly from toxic peritonitis (n not specified),10.1021/acs.jmedchem.0c00431,cisplatin,5,2700,,19.4,,Q7Dx2,,,5% DMSO/saline
O=C1C=CC=CC1[O-].c1ccc(-c2ccnc3c2ccc2c(-c4ccccc4)ccnc23)cc1.c1ccc(-c2ccnc3c2ccc2c(-c4ccccc4)ccnc23)cc1,Ru,Ru-sq,xenograft,subcutaneous,A2780,mouse,nude (athymic),i.p.,10,8,primary_tumor,monotherapy,FALSE,,2950,3350,,,11.9,,15,Fig 9; graph-read day 15; volumes in cm3 converted to mm3; ns vs control; i.p. solubility issues noted,10.1021/acs.jmedchem.0c00431,cisplatin,5,2700,,19.4,,Q7Dx2,,,5% DMSO/saline
O=C1C=CC=CC1[O-].c1ccc(-c2ccnc3c2ccc2c(-c4ccccc4)ccnc23)cc1.c1ccc(-c2ccnc3c2ccc2c(-c4ccccc4)ccnc23)cc1,Ru,Ru-sq,xenograft,subcutaneous,A2780,mouse,nude (athymic),i.p.,15,8,primary_tumor,monotherapy,FALSE,,1600,3350,,,52.2,,15,Fig 9; graph-read day 15; volumes in cm3 converted to mm3; p<0.05 vs control days 11 and 15; 1 mouse completely cured (no tumor by day 36); i.p. solubility issues noted,10.1021/acs.jmedchem.0c00431,cisplatin,5,2700,,19.4,,Q7Dx2,,,5% DMSO/saline
[C-]#[O+].[Cl-].c1ccc(-c2ccccn2)nc1.c1ccc(P(CCCCP(c2ccccc2)c2ccccc2)c2ccccc2)cc1,Ru,ct-[RuCl(CO)(dppb)(bipy)]PF6,syngeneic,peritumoral,B16F10,mouse,C57BL/6,s.c.,5,6,primary_tumor,monotherapy,FALSE,100,175,410,0.58,0.95,57.3,38.9,22,Fig 2A/2B; graph-read day 22; text states 60% volume reduction (238.34 mm3 average); treatment started day 18 at ~100 mm3; QDx5 s.c. peritumoral injection 1cm from tumor; euthanasia 24h after last treatment; no reference drug,10.1016/j.jinorgbio.2016.08.010,,,,,,,QDx5,0,0/6,1% DMSO/saline
O=S(=O)([O-])c1ccccn1.c1ccc(-c2ccnc3c2ccc2c(-c4ccccc4)ccnc23)cc1.c1ccc(-c2ccnc3c2ccc2c(-c4ccccc4)ccnc23)cc1,Ru,4,syngeneic,subcutaneous,4T1,mouse,BALB/c,i.t.,3,3,primary_tumor,monotherapy,TRUE,,,,,,56.0,,12,"Fig 9a; relative tumor volume only (no absolute values); TGI from text=56% (formula: 1-Vt/V0, PBS+Light control); 470nm LED 80mW/cm2 30min irradiation 60min post-injection; i.t. Q3Dx4 days 1/4/7/10; body weight stable; H&E shows large apoptosis area in Ru+Light group",10.1039/c9dt00441f,,,,,,,Q3Dx4,0,0/3,PBS
O=S(=O)([O-])c1ccccn1.c1ccc(-c2ccnc3c2ccc2c(-c4ccccc4)ccnc23)cc1.c1ccc(-c2ccnc3c2ccc2c(-c4ccccc4)ccnc23)cc1,Ru,4,syngeneic,subcutaneous,4T1,mouse,BALB/c,i.t.,3,3,primary_tumor,monotherapy,FALSE,,,,,,10.8,,12,Fig 9a; relative tumor volume only; Ru+Dark group (no irradiation); TGI=1-5.8/6.5 from graph-read; compound inactive without light irradiation,10.1039/c9dt00441f,,,,,,,Q3Dx4,0,0/3,PBS
Cc1ccc(C(C)C)cc1.Fc1ccc(/N=C2C(=N/c3ccc(F)cc3)/c3cccc4cccc/2c34)cc1.[Cl-],Ru,Ru1,xenograft,subcutaneous,CT-26,mouse,BALB/c,i.v.,5,6,primary_tumor,monotherapy,FALSE,,690,1020,1.10,1.57,32.4,29.9,24,Fig 2A/2C; graph-read day 24; treatment days 3-9 post-inoculation QDx7 i.v.; no body weight loss observed,10.1016/j.ejmech.2020.112763,,,,,,,QDx7,0,0/6,3% DMSO/saline
Cc1ccc(C(C)C)cc1.Fc1ccc(/N=C2C(=N/c3ccc(F)cc3)/c3cccc4cccc/2c34)cc1.[Cl-],Ru,Ru1,xenograft,subcutaneous,CT-26,mouse,BALB/c,i.v.,8,6,primary_tumor,monotherapy,FALSE,,420,1020,0.85,1.57,58.8,45.9,24,Fig 2A/2C; graph-read day 24; treatment days 3-9 post-inoculation QDx7 i.v.; no body weight loss observed,10.1016/j.ejmech.2020.112763,,,,,,,QDx7,0,0/6,3% DMSO/saline
O=C(CCCCC[P+](c1ccccc1)(c1ccccc1)c1ccccc1)Nc1cc2cccnc2c2ncccc12.O=C(CCCCC[P+](c1ccccc1)(c1ccccc1)c1ccccc1)Nc1cc2cccnc2c2ncccc12.c1ccc(-c2nccc3c2[nH]c2ccccc23)nc1,Ru,Ru1,syngeneic,subcutaneous,4T1,mouse,BALB/c,i.t.,5.0,3,primary_tumor,monotherapy,TRUE,,390,950,,,58.9,,14,graph-read Fig.6D day 14; bilateral 4T1 model; proximal tumor i.t. treated; PDT 425nm 12J/cm2 12h post-injection; Q7Dx2; no body weight change (Fig.6C); cisplatin proximal TGI=57.9%; Ru2 proximal TGI=5.3%,10.1016/j.ejmech.2024.116638,cisplatin,5,400,,57.9,,Q7Dx2,0,0/3,2% DMSO+2% PEG300+2% Tween-80+94% saline
c1ccc(-c2nccc3c2[nH]c2ccccc23)nc1.c1cnc2c(c1)ccc1cccnc12.c1cnc2c(c1)ccc1cccnc12,Ru,Ru2,syngeneic,subcutaneous,4T1,mouse,BALB/c,i.t.,5.0,3,primary_tumor,monotherapy,TRUE,,900,950,,,5.3,,14,graph-read Fig.6D day 14; bilateral 4T1 model; proximal tumor i.t. treated; PDT 425nm 12J/cm2 12h post-injection; Q7Dx2; no body weight change (Fig.6C); cisplatin proximal TGI=57.9%; Ru1 proximal TGI=58.9%; minimal effect,10.1016/j.ejmech.2024.116638,cisplatin,5,400,,57.9,,Q7Dx2,0,0/3,2% DMSO+2% PEG300+2% Tween-80+94% saline
O=C(CCCCC[P+](c1ccccc1)(c1ccccc1)c1ccccc1)Nc1cc2cccnc2c2ncccc12.O=C(CCCCC[P+](c1ccccc1)(c1ccccc1)c1ccccc1)Nc1cc2cccnc2c2ncccc12.c1ccc(-c2nccc3c2[nH]c2ccccc23)nc1,Ru,Ru1,syngeneic,subcutaneous,4T1,mouse,BALB/c,i.t.,5.0,3,distant_tumor,monotherapy,TRUE,,40,260,,,84.6,,14,graph-read Fig.6D day 14; bilateral 4T1 model; distal abscopal tumor; no direct drug contact; cGAS-STING mediated immune response; cisplatin distal TGI=9.6%; Ru2 distal TGI=3.8%,10.1016/j.ejmech.2024.116638,cisplatin,5,235,,9.6,,Q7Dx2,0,0/3,2% DMSO+2% PEG300+2% Tween-80+94% saline
c1ccc(-c2nccc3c2[nH]c2ccccc23)nc1.c1cnc2c(c1)ccc1cccnc12.c1cnc2c(c1)ccc1cccnc12,Ru,Ru2,syngeneic,subcutaneous,4T1,mouse,BALB/c,i.t.,5.0,3,distant_tumor,monotherapy,TRUE,,250,260,,,3.8,,14,graph-read Fig.6D day 14; bilateral 4T1 model; distal abscopal tumor; no direct drug contact; cGAS-STING mediated immune response; cisplatin distal TGI=9.6%; Ru1 distal TGI=84.6%; minimal abscopal effect,10.1016/j.ejmech.2024.116638,cisplatin,5,235,,9.6,,Q7Dx2,0,0/3,2% DMSO+2% PEG300+2% Tween-80+94% saline
Cc1ccnc(-c2cc(C)ccn2)c1.Cc1ccnc(-c2cc(C)ccn2)c1.FC(F)(F)c1ccc(-c2ccc(-c3nc4c5cccnc5c5ncccc5c4[nH]3)cc2)cc1,Ru,Ru1,xenograft,subcutaneous,HepG2,mouse,nude,i.p.,6.5,5,primary_tumor,monotherapy,FALSE,,,,,,47.6,34.77,10,graph-read Fig.6g day 10; relative tumor volume V/V0 only; control~4.2x; Ru1 i.p.~2.2x; no absolute values available; TGI_volume from graph-read; TGI_weight from text (34.77%); no body weight loss (Fig.6f),10.1016/j.jinorgbio.2023.112230,,,,,,,QDx10,0,0/5,saline
Cc1ccnc(-c2cc(C)ccn2)c1.Cc1ccnc(-c2cc(C)ccn2)c1.FC(F)(F)c1ccc(-c2ccc(-c3nc4c5cccnc5c5ncccc5c4[nH]3)cc2)cc1,Ru,Ru1,xenograft,subcutaneous,HepG2,mouse,nude,i.t.,6.5,5,primary_tumor,monotherapy,FALSE,,,,,,59.5,51.19,10,graph-read Fig.6g day 10; relative tumor volume V/V0 only; control~4.2x; Ru1 i.t.~1.7x; no absolute values available; TGI_volume from graph-read; TGI_weight from text (51.19%); body weight drop at day 10 in i.t. group (~21.5g from peak ~24g; Fig.6f),10.1016/j.jinorgbio.2023.112230,,,,,,,QDx10,2,0/5,saline
CC(=O)/C=C(/C)[O-].CC(=O)/C=C(/C)[O-].CCCCCCNC(C)=N.CCCCCCNC(C)=N,Ru,6,xenograft,subcutaneous,NCI-H460,mouse,BALB/c nude,i.v.,12.5,3,primary_tumor,monotherapy,FALSE,,780,1700,0.76,1.55,54.1,51.0,29,graph-read Fig.10A day 29; graph-read Fig.10C tumor weight: control~1.55g treated~0.76g cisplatin~0.56g; TGI_weight graph-read (matches authors 51.0%/63.9%); treatment start ~50-100 mm3; Q4Dx7 i.v. tail injection; no body weight loss (Fig.10B); cisplatin steady weight loss after day 13,10.1039/d3dt00328k,cisplatin,3,370,0.56,78.2,63.9,Q4Dx7,0,0/3,10% PET/PBS
O=C(CCCCC1SCC2NC(=O)NC21)Nc1ccc(-c2nc3c4cccnc4c4ncccc4c3[nH]2)cc1.c1cnc2c(c1)ccc1cccnc12.c1cnc2c(c1)ccc1cccnc12,Ru,Ru2,xenograft,subcutaneous,A549,mouse,BALB/c nude,i.t.,10,3,primary_tumor,monotherapy,TRUE,,150,1200,0.15,1.65,87.5,90.9,24,graph-read Fig.10d/10e day 24; PDT: 460nm 10mW/cm2 15min; irradiation 4h post i.t. injection; treatment start ~80-100 mm3; QDx1 single injection day 0; no body weight loss (Fig.10c); Ru2 dark TGI_vol=16.7% TGI_wt=27.3%,10.1016/j.ejmech.2023.115985,,,,,,,QDx1,0,0/3,saline
O=C(CCCCC1SCC2NC(=O)NC21)Nc1ccc(-c2nc3c4cccnc4c4ncccc4c3[nH]2)cc1.c1cnc2c(c1)ccc1cccnc12.c1cnc2c(c1)ccc1cccnc12,Ru,Ru2,xenograft,subcutaneous,A549,mouse,BALB/c nude,i.t.,10,3,primary_tumor,monotherapy,FALSE,,1000,1200,1.20,1.65,16.7,27.3,24,graph-read Fig.10d/10e day 24; Ru2 dark group (no irradiation); compound inactive without light; QDx1 single injection day 0; no body weight loss,10.1016/j.ejmech.2023.115985,,,,,,,QDx1,0,0/3,saline
,Ru,Ru2@BSA,syngeneic,subcutaneous,4T1,mouse,BALB/c,i.v.,0.5,5,primary_tumor,nanoformulation,TRUE,,100,1400,0.13,1.00,92.9,87.0,16,graph-read Fig.4D/4E day 16; Ru2@BSA: Ru2 loaded in BSA (50mg/kg BSA ~0.5mg/kg Ru2); PDT: 520nm 100mW/cm2 10min; irradiation 6h post i.v. injection; QDx3 (days 0/1/2); treatment start ~50mm3; no body weight loss (Fig.4F); Ru2@BSA+dark TGI_vol=3.6% TGI_wt=5.0%; H&E/TUNEL confirms tumor damage only in light group,10.1016/j.cclet.2024.110168,,,,,,,QDx3,0,0/5,PBS
,Ru,Ru2@BSA,syngeneic,subcutaneous,4T1,mouse,BALB/c,i.v.,0.5,5,primary_tumor,nanoformulation,FALSE,,1350,1400,0.95,1.00,3.6,5.0,16,graph-read Fig.4D/4E day 16; Ru2@BSA dark group (no irradiation); compound inactive without light; QDx3 (days 0/1/2); no body weight loss,10.1016/j.cclet.2024.110168,,,,,,,QDx3,0,0/5,PBS
C(=N/c1ccc2ncc3c4ccccc4[nH]c3c2c1)\c1ccccn1.Cc1ccc(C(C)C)cc1.[Cl-],Ru,2a,syngeneic,subcutaneous,CT-26,mouse,BALB/c,i.p.,25.9,4,primary_tumor,monotherapy,FALSE,,90,85,,,-5.9,,8,graph-read Fig.S4 day 8; treatment days 5-9 QDx5; equimolar dose to 2b i.p. (30mg/kg Os); no anticancer activity; body weight unaffected (Fig.S5),10.1021/om3012272,,,,,,,QDx5,0,,10% DMSO
C(=N/c1ccc2ncc3c4ccccc4[nH]c3c2c1)\c1ccccn1.Cc1ccc(C(C)C)cc1.[Cl-],Ru,2a,syngeneic,subcutaneous,CT-26,mouse,BALB/c,p.o.,51.7,4,primary_tumor,monotherapy,FALSE,,70,85,,,17.6,,8,graph-read Fig.S4 day 8; treatment days 5-9 QDx5; equimolar dose to 2b p.o. (60mg/kg Os); minimal activity; body weight unaffected (Fig.S5),10.1021/om3012272,,,,,,,QDx5,0,,10% DMSO
C(=N/c1ccc2ncc3c4ccccc4[nH]c3c2c1)\c1ccccn1.Cc1ccc(C(C)C)cc1.[Cl-],Os,2b,syngeneic,subcutaneous,CT-26,mouse,BALB/c,i.p.,30,4,primary_tumor,monotherapy,FALSE,,150,450,,,66.7,,10,graph-read Fig.10 day 10; treatment days 5-9 QDx5; tumor palpable at start; no tumor weight reported; body weight unaffected (Fig.S5); p<0.01 vs control (two-way ANOVA Bonferroni),10.1021/om3012272,,,,,,,QDx5,0,,10% DMSO
C(=N/c1ccc2ncc3c4ccccc4[nH]c3c2c1)\c1ccccn1.Cc1ccc(C(C)C)cc1.[Cl-],Os,2b,syngeneic,subcutaneous,CT-26,mouse,BALB/c,p.o.,60,4,primary_tumor,monotherapy,FALSE,,170,450,,,62.2,,10,graph-read Fig.10 day 10; treatment days 5-9 QDx5; oral administration; no tumor weight reported; body weight unaffected (Fig.S5); p<0.01 vs control (two-way ANOVA Bonferroni),10.1021/om3012272,,,,,,,QDx5,0,,10% DMSO
Nc1ccc2nc3c4cccnc4c4ncccc4c3nc2c1.[c-]1ccccc1-c1nccc2ccccc12.[c-]1ccccc1-c1nccc2ccccc12,Ir,3,xenograft,subcutaneous,A549,mouse,nude,i.p.,1.14,6,primary_tumor,monotherapy,FALSE,,,,1.0919,1.9527,,44.08,18,Fig.14C/D; tumor weight from graph; inhibitory rate from authors; treatment QDx8 i.p. starting 24h post-inoculation; sacrifice day 18; no absolute tumor volumes reported,10.1016/j.jinorgbio.2019.110822,cisplatin,2,,0.6568,,66.36,QDx8,,0/6,
Nc1ccc2nc3c4cccnc4c4ncccc4c3nc2c1.[c-]1ccccc1-c1nccc2ccccc12.[c-]1ccccc1-c1nccc2ccccc12,Ir,3,xenograft,subcutaneous,A549,mouse,nude,i.p.,2.28,6,primary_tumor,monotherapy,FALSE,,,,0.4620,1.9527,,76.34,18,Fig.14C/D; tumor weight from graph; inhibitory rate from authors; treatment QDx8 i.p. starting 24h post-inoculation; sacrifice day 18; no absolute tumor volumes reported,10.1016/j.jinorgbio.2019.110822,cisplatin,2,,0.6568,,66.36,QDx8,,0/6,
CN1CCN(c2ccc(-c3nc4c5cccnc5c5ncccc5c4[nH]3)cc2)CC1.[c-]1ccccc1-c1nccc2ccccc12.[c-]1ccccc1-c1nccc2ccccc12,Ir,3,xenograft,subcutaneous,A549,mouse,nude,i.p.,7.0,5,primary_tumor,monotherapy,FALSE,,,,0.00590,0.00942,,37.37,7,"Only relative tumor volume (V/V0) shown in Fig. 9d; absolute volumes not reported. TGI_weight calculated from tumor weights reported in text (control 9.42 mg, treated 5.90 mg). Treatment started 7 days post-inoculation. Body weight stable throughout (Fig. 9c).",10.1016/j.jinorgbio.2020.111215,,,,,,,QDx7,0,0/5,
Nc1nc(Cl)c(-c2nc3c4cccnc4c4ncccc4c3[nH]2)c(Cl)n1.[c-]1ccccc1-c1nccc2ccccc12.[c-]1ccccc1-c1nccc2ccccc12,Ir,2c,xenograft,unknown,A549,mouse,BALB/c nude,i.p.,3.2,6,primary_tumor,monotherapy,FALSE,,,,0.438,0.664,30.83,34.04,8,TGI_volume and TGI_weight calculated from graph-read,10.1016/j.ejmech.2024.116295,,,,,,,QDx8,4,0/6,saline
Nc1nc(Cl)c(-c2nc3c4cccnc4c4ncccc4c3[nH]2)c(Cl)n1.[c-]1ccccc1-c1nccc2ccccc12.[c-]1ccccc1-c1nccc2ccccc12,Ir,2c,xenograft,unknown,A549,mouse,BALB/c nude,i.p.,5.0,6,primary_tumor,monotherapy,FALSE,,,,0.275,0.664,53.33,58.58,8,TGI_volume and TGI_weight calculated from graph-read,10.1016/j.ejmech.2024.116295,,,,,,,QDx8,9,0/6,saline
C[C@H](CCC(=O)Nc1cc2cccnc2c2ncccc12)[C@H]1CC[C@H]2[C@@H]3[C@H](O)C[C@@H]4C[C@H](O)CC[C@]4(C)[C@H]3C[C@H](O)[C@]12C.[c-]1ccccc1-c1nc2ccccc2s1.[c-]1ccccc1-c1nc2ccccc2s1,Ir,Ir3,syngeneic,subcutaneous,4T1,mouse,BALB/c,i.t.,5,3,primary_tumor,monotherapy,FALSE,80,520,980,,,47.0,,16,Graph-read Fig7A; Ir3 without light,10.1016/j.jinorgbio.2024.112695,,,,,,,Q4Dx3,0,0/3,2% DMSO; 4% Tween80; 4% PEG400; PBS
C[C@H](CCC(=O)Nc1cc2cccnc2c2ncccc12)[C@H]1CC[C@H]2[C@@H]3[C@H](O)C[C@@H]4C[C@H](O)CC[C@]4(C)[C@H]3C[C@H](O)[C@]12C.[c-]1ccccc1-c1nc2ccccc2s1.[c-]1ccccc1-c1nc2ccccc2s1,Ir,Ir3,syngeneic,subcutaneous,4T1,mouse,BALB/c,i.t.,5,3,distant_tumor,monotherapy,FALSE,80,250,403,,,38.0,,16,Graph-read Fig7A; Ir3 without light distant,10.1016/j.jinorgbio.2024.112695,,,,,,,Q4Dx3,0,0/3,2% DMSO; 4% Tween80; 4% PEG400; PBS
C[C@H](CCC(=O)Nc1cc2cccnc2c2ncccc12)[C@H]1CC[C@H]2[C@@H]3[C@H](O)C[C@@H]4C[C@H](O)CC[C@]4(C)[C@H]3C[C@H](O)[C@]12C.[c-]1ccccc1-c1nc2ccccc2s1.[c-]1ccccc1-c1nc2ccccc2s1,Ir,Ir3,syngeneic,subcutaneous,4T1,mouse,BALB/c,i.t.,5,3,primary_tumor,monotherapy,TRUE,80,125,980,,,87.2,,16,Graph-read Fig7A; Ir3 + light,10.1016/j.jinorgbio.2024.112695,,,,,,,Q4Dx3,0,0/3,2% DMSO; 4% Tween80; 4% PEG400; PBS
C[C@H](CCC(=O)Nc1cc2cccnc2c2ncccc12)[C@H]1CC[C@H]2[C@@H]3[C@H](O)C[C@@H]4C[C@H](O)CC[C@]4(C)[C@H]3C[C@H](O)[C@]12C.[c-]1ccccc1-c1nc2ccccc2s1.[c-]1ccccc1-c1nc2ccccc2s1,Ir,Ir3,syngeneic,subcutaneous,4T1,mouse,BALB/c,i.t.,5,3,distant_tumor,monotherapy,TRUE,80,69,403,,,82.9,,16,Graph-read Fig7A; Ir3 + light distant,10.1016/j.jinorgbio.2024.112695,,,,,,,Q4Dx3,0,0/3,2% DMSO; 4% Tween80; 4% PEG400; PBS
NC(=[NH2+])Nc1ccc(-c2nc3c4cccnc4c4ncccc4c3[nH]2)cc1.[c-]1cccc2ccc3cccnc3c12.[c-]1cccc2ccc3cccnc3c12,Ir,1,xenograft,subcutaneous,HepG2,mouse,athymic nude,i.p.,20,5,primary_tumor,monotherapy,FALSE,100,650,820,,,20.7,,14,Graph-read Fig.9A,10.1016/j.ejmech.2019.06.045,,,,,,,QDx1,0,0/5,
NC(=[NH2+])Nc1ccc(-c2nc3c4cccnc4c4ncccc4c3[nH]2)cc1.[c-]1cccc2ccc3cccnc3c12.[c-]1cccc2ccc3cccnc3c12,Ir,1,xenograft,subcutaneous,HepG2,mouse,athymic nude,i.p.,20,5,primary_tumor,monotherapy,TRUE,100,20,820,,,97.6,,14,Graph-read Fig.9A 425nm PDT,10.1016/j.ejmech.2019.06.045,,,,,,,QDx1,0,0/5,
CC(Cc1nc2c3cccnc3c3ncccc3c2[nH]1)c1ccc2c(c1)OCO2.[c-]1ccccc1-c1ccccn1.[c-]1ccccc1-c1ccccn1,Ir,Ir(III)-1,xenograft,subcutaneous,A549,mouse,nude,i.p.,7.5,6,primary_tumor,monotherapy,FALSE,,,,4.38,7.19,41.0,39.1,15,"TGI_volume calculated from relative tumor volume (V/V0) graph-read Fig.11A day 15; absolute volumes not available. Control V/V0=7.8, cisplatin V/V0=5.0, Ir-1 7.5 mg/kg V/V0=4.6, Ir-1 15.0 mg/kg V/V0=2.75",10.1016/j.ejmech.2017.11.091,cisplatin,2,,4.53,35.9,37.0,QDx7,,0/6,0.5% DMSO
CC(Cc1nc2c3cccnc3c3ncccc3c2[nH]1)c1ccc2c(c1)OCO2.[c-]1ccccc1-c1ccccn1.[c-]1ccccc1-c1ccccn1,Ir,Ir(III)-1,xenograft,subcutaneous,A549,mouse,nude,i.p.,15.0,6,primary_tumor,monotherapy,FALSE,,,,2.60,7.19,64.7,63.8,15,"TGI_volume calculated from relative tumor volume (V/V0) graph-read Fig.11A day 15; absolute volumes not available. Control V/V0=7.8, cisplatin V/V0=5.0, Ir-1 7.5 mg/kg V/V0=4.6, Ir-1 15.0 mg/kg V/V0=2.75",10.1016/j.ejmech.2017.11.091,cisplatin,2,,4.53,35.9,37.0,QDx7,,0/6,0.5% DMSO
C[n+]1[c-]n(Cn2[c-][n+](C)cc2)cc1.[c-]1cccc2c1c1nc3ccccc3nc1c1ccccc21.[c-]1cccc2c1c1nc3ccccc3nc1c1ccccc21,Ir,Ir1,xenograft,subcutaneous,A549,mouse,nude,i.t.,25,4,primary_tumor,monotherapy,FALSE,150,320,,,,,,14,"No vehicle control group in experiment; only two arms: Ir1 dark and Ir1 PDT (630 nm). TGI not calculable (Wong et al. formula requires vehicle control). Baseline 140-160 mm3 per text, midpoint 150 used. Tumor volumes graph-read from Fig. 6A. Vehicle: 60% PEG400/30% EtOH/10% Tween80 diluted in PBS. Group size not reported. Injection frequency not stated. Body weight stable throughout (Fig. 6B).",10.1016/j.jinorgbio.2019.110976,,,,,,,,0,,60% PEG400/30% EtOH/10% Tween80 diluted in PBS
C[n+]1[c-]n(Cn2[c-][n+](C)cc2)cc1.[c-]1cccc2c1c1nc3ccccc3nc1c1ccccc21.[c-]1cccc2c1c1nc3ccccc3nc1c1ccccc21,Ir,Ir1,xenograft,subcutaneous,A549,mouse,nude,i.t.,25,4,primary_tumor,monotherapy,TRUE,150,195,,,,,,14,"PDT: 630 nm LED, 10 mW/cm2, 30 min per session. No vehicle control group in experiment; only two arms: Ir1 dark and Ir1 PDT (630 nm). TGI not calculable (Wong et al. formula requires vehicle control; Ir1 dark cannot serve as vehicle control). Authors report >81% inhibition vs dark group (non-standard comparison). Baseline 140-160 mm3 per text, midpoint 150 used. Tumor volumes graph-read from Fig. 6A. Vehicle: 60% PEG400/30% EtOH/10% Tween80 diluted in PBS. Group size not reported. Injection frequency not stated. Body weight stable throughout (Fig. 6B).",10.1016/j.jinorgbio.2019.110976,,,,,,,,0,,60% PEG400/30% EtOH/10% Tween80 diluted in PBS
CCN(CC)c1ccc2[c-]c(-c3nc4ccccc4s3)c(=O)oc2c1.CCN(CC)c1ccc2[c-]c(-c3nc4ccccc4s3)c(=O)oc2c1.FC(F)(F)c1cc(-c2cc(-c3ccccn3)nc(-c3ccccn3)c2)cc(C(F)(F)F)c1,Ir,Ir2,xenograft,subcutaneous,A431,mouse,nude,i.t.,0.86,5,primary_tumor,monotherapy,TRUE,100,,,0.172,0.454,,62.1,14,"Fig.6A shows only V/V0; absolute volumes restored as V/V0 x baseline (100 mm3 from text, not graph-read); graph-read day 14: Control V/V0~7.5, Ir2+Light V/V0~4.2 | TGI_weight from Fig.6C graph-read | Single i.t. injection + 465 nm irradiation 26 mW/cm2 60 min",10.1002/chem.202103346,,,,,,,QDx1,0,0/5,PBS
CCN(CC)c1ccc2[c-]c(-c3nc4ccccc4s3)c(=O)oc2c1.CCN(CC)c1ccc2[c-]c(-c3nc4ccccc4s3)c(=O)oc2c1.FC(F)(F)c1cc(-c2cc(-c3ccccn3)nc(-c3ccccn3)c2)cc(C(F)(F)F)c1,Ir,Ir2,xenograft,subcutaneous,A431,mouse,nude,i.t.,0.86,5,primary_tumor,monotherapy,FALSE,100,,,0.398,0.454,,12.3,14,Dark group (no irradiation); volume measurements discontinued at day 8 | TGI_weight from Fig.6C graph-read | Single i.t. injection no irradiation,10.1002/chem.202103346,,,,,,,QDx1,0,0/5,PBS
Cc1ccc2nc3c4ncccc4c4nc5cc(C)c(C)cc5nc4c3n2c1.Cc1cccnc1-c1[c-]cccc1.Cc1cccnc1-c1[c-]cccc1,Ir,MPytMP-Ir,xenograft,subcutaneous,NCI-H460,mouse,nude,i.p.,10.0,6,primary_tumor,monotherapy,FALSE,72.42,600.62,1544.41,0.82,1.56,61.1,47.4,12,"Tumor volumes from Table S2: control start 72.42±12.94, end 1544.41±225.83; MPytMP-Ir start 72.90±8.81, end 600.62±157.03; T/C=38.2%; TGI_volume=(1544.41-600.62)/1544.41*100=61.1%; tumor weights from Table S3: control 1.56±0.14g, treated 0.82±0.22g; TGI_weight=(1.56-0.82)/1.56*100=47.4% (authors report 47.1%, rounding difference); female nude mice; cells transplanted as tumor pieces (~1.5mm3) from donor mouse; randomization at 100-400mm3 (Table S2 V0=72.42 is mean at treatment start); route i.p. and vehicle from SI; reference cisplatin TGI from author text only (no absolute values); cisplatin dose not specified; body weight unaffected (control 18.47->20.37g, treated 18.03->20.28g); acute toxicity data on KM mice pending toxicity_module",10.1021/acsmedchemlett.9b00337,cisplatin,,,,25.5,,Q2Dx6,0,,5% v/v DMSO/saline
,Ir,Ir1Lipo,xenograft,subcutaneous,BEL-7402,mouse,nude,i.p.,1.8,6,primary_tumor,nanoformulation,FALSE,,488,1012,1.39,4.07,51.8,65.8,16,Tumor volume and weight both reported in text (p.8); TGI_weight=65.8% matches author calculation from weight; TGI_volume calculated from text-reported final volumes; baseline tumor ~5mm diameter at day 0 (not graph-read); no reference drug group; Fig.8a shows relative volume only; no body weight loss data reported,10.1016/j.jinorgbio.2021.111622,,,,,,,QDx15,0,0/6,saline
O=[N+]([O-])c1ccccc1-c1nc2c3cccnc3c3ncccc3c2[nH]1.[c-]1ccccc1-c1nccc2ccccc12.[c-]1ccccc1-c1nccc2ccccc12,Ir,Ir1,syngeneic,subcutaneous,B16,mouse,,i.p.,5.0,5,primary_tumor,monotherapy,FALSE,,,,0.2964,0.9773,,69.67,7,"Mouse strain not specified (Guangdong Medical Laboratory Animal Center); only relative tumor volume (V/V0) reported in Fig.11c, no absolute volumes; tumor weight from Fig.11d; cisplatin reference TGI_weight=38.95%",10.1016/j.jinorgbio.2022.111820,cisplatin,5.0,,0.5966,,38.95,QDx7,0,0/5,saline
,Ir,Ir1lipo,xenograft,subcutaneous,BEL-7402,mouse,nude,i.p.,3.9,5,primary_tumor,nanoformulation,FALSE,,,,0.24668,0.65194,45.5,62.16,26,"Ir1=[Ir(ppy)2(CBIP)](PF6) encapsulated in PEGylated liposome (Ir1lipo); TGI_weight from tumor weight (authors formula, confirmed 62.16%); TGI_volume graph-read Fig.10b: V/V0 control=5.05 vs Ir1lipo=2.75 at day 26; absolute volumes not reported; baseline defined as 5mm diameter (not converted to mm3); no reference drug in this experiment (cisplatin comparison from Ref.51, different study)",10.1016/j.jinorgbio.2022.111868,,,,,,,Q2Dx14,0,0/5,saline
Fc1cc2ccccc2cc1Oc1ccc2nc3c4cccnc4c4ncccc4c3nc2c1.[c-]1ccccc1-c1nccc2ccccc12.[c-]1ccccc1-c1nccc2ccccc12,Ir,Ir3,xenograft,subcutaneous,HeLa,mouse,BALB/c nude,i.p.,2.5,5,primary_tumor,monotherapy,FALSE,,,,0.62,1.05,26.7,41.0,20,"Absolute volumes not reported; TGI_volume calculated from relative V/V0 graph-read Fig.12b (control~4.5, treated~3.3 at day 20); TGI_weight graph-read from Fig.12c consistent with author-reported 41.5%; HeLa tissue fragment implant model (not direct cell injection); vehicle: 1% Tween 80 in saline",10.1016/j.jinorgbio.2022.111946,,,,,,,Q2Dx10,0,0/5,1% Tween 80 in saline
Fc1cc2ccccc2cc1Oc1ccc2nc3c4cccnc4c4ncccc4c3nc2c1.[c-]1ccccc1-c1nccc2ccccc12.[c-]1ccccc1-c1nccc2ccccc12,Ir,Ir3,xenograft,subcutaneous,HeLa,mouse,BALB/c nude,i.p.,3.2,5,primary_tumor,monotherapy,FALSE,,,,0.47,1.05,43.3,55.2,20,"Absolute volumes not reported; TGI_volume calculated from relative V/V0 graph-read Fig.12b (control~4.5, treated~2.55 at day 20); TGI_weight graph-read from Fig.12c consistent with author-reported 54.8%; HeLa tissue fragment implant model (not direct cell injection); vehicle: 1% Tween 80 in saline",10.1016/j.jinorgbio.2022.111946,,,,,,,Q2Dx10,0,0/5,1% Tween 80 in saline
,Ir,1alip,xenograft,subcutaneous,A549,mouse,BALB/c,i.p.,1.4,6,primary_tumor,nanoformulation,FALSE,,,,0.72,1.15,,37.4,9,Liposomal Ir(III) complex [Ir(PPY-)2(BAPIP)](PF6); relative tumor volumes only (no absolute mm3); TGI_weight graph-read from Fig.4b; no reference drug group; treatment days 1-9 then observation to day 15,10.1016/j.ejmech.2023.116112,,,,,,,QDx9,0,0/6,saline
,Ir,1alip,xenograft,subcutaneous,A549,mouse,BALB/c,i.p.,2.1,6,primary_tumor,nanoformulation,FALSE,,,,0.34,1.15,,70.4,9,Liposomal Ir(III) complex [Ir(PPY-)2(BAPIP)](PF6); relative tumor volumes only (no absolute mm3); TGI_weight graph-read from Fig.4b; modest body weight change noted in text but no % given; no reference drug group; treatment days 1-9 then observation to day 15,10.1016/j.ejmech.2023.116112,,,,,,,QDx9,0,0/6,saline
[c-]1ccccc1-c1ccccn1.[c-]1ccccc1-c1ccccn1.c1ccc(-c2nc3c4cccnc4c4ncccc4c3[nH]2)cc1,Ir,1a,xenograft,subcutaneous,HepG2,mouse,BALB/c nude,i.p.,2.67,6,primary_tumor,monotherapy,FALSE,,,,1.09,1.42,,23.24,8,Relative tumor volume only (V/V0) shown in Fig.7b; absolute volume not available. TGI calculated from tumor weight (graph-read Fig.7e). No reference drug.,10.1016/j.ejmech.2023.116078,,,,,,,QDx7,0,0/6,saline
,Ir,1alip,xenograft,subcutaneous,HepG2,mouse,BALB/c nude,i.p.,2.67,6,primary_tumor,nanoformulation,FALSE,,,,0.55,1.42,,61.27,8,Ordinary (non-targeted) liposome formulation of 1a. Relative tumor volume only (V/V0) in Fig.7b; absolute volume not available. TGI from tumor weight (graph-read Fig.7e).,10.1016/j.ejmech.2023.116078,,,,,,,QDx7,0,0/6,saline
,Ir,1aTlip,xenograft,subcutaneous,HepG2,mouse,BALB/c nude,i.p.,2.67,6,primary_tumor,nanoformulation,FALSE,,,,0.34,1.42,,76.06,8,GalNAc-targeted liposome formulation of 1a (ASGP-R targeting for hepatocellular carcinoma). Relative tumor volume only (V/V0) in Fig.7b; absolute volume not available. TGI from tumor weight (graph-read Fig.7e).,10.1016/j.ejmech.2023.116078,,,,,,,QDx7,0,0/6,saline
,Ir,Ir1Lipo,xenograft,subcutaneous,BEL-7402,mouse,nude,i.p.,2.7,5,primary_tumor,nanoformulation,FALSE,,,,,,71.1,53,11,"Fig.15d axis labeled 'Relative tumor volume (mm3)' but values start at ~1 for both groups — confirmed V/V0 normalization, not absolute mm3; TGI_volume graph-read from V/V0: C=22.5, T=6.5, day 11; TGI_weight from author text (no absolute tumor weight values reported); no body weight loss; Ir1=[Ir(ppy)2(TFBIP)](PF6) in liposome (egg yolk lecithin/cholesterol/DSPE-MPEG2000)",10.1016/j.jinorgbio.2021.111706,,,,,,,QDx11,0,0/5,saline
Nc1ccccc1-c1nc2c3cccnc3c3ncccc3c2[nH]1.[c-]1ccccc1-c1nccc2ccccc12.[c-]1ccccc1-c1nccc2ccccc12,Ir,Ir1,xenograft,subcutaneous,B16,mouse,nude,i.p.,3.0,5,primary_tumor,monotherapy,FALSE,,,,,,,75.04,16,Only relative tumor volumes available (V/V0) in Fig.11d; TGI_weight from authors text (tumor weight); schedule consecutive 15 days i.p.; tumor diameter ~5mm at treatment start (not converted to mm3),10.1016/j.jinorgbio.2021.111580,cisplatin,3.0,,,,54.97,QDx15,0,0/5,saline
Nc1ccccc1-c1nc2c3cccnc3c3ncccc3c2[nH]1.[c-]1ccccc1-c1nccc2ccccc12.[c-]1ccccc1-c1nccc2ccccc12,Ir,Ir1,xenograft,subcutaneous,B16,mouse,nude,i.p.,6.0,5,primary_tumor,monotherapy,FALSE,,,,,,,89.12,16,Only relative tumor volumes available (V/V0) in Fig.11d; TGI_weight from authors text (tumor weight); schedule consecutive 15 days i.p.; tumor diameter ~5mm at treatment start (not converted to mm3),10.1016/j.jinorgbio.2021.111580,cisplatin,3.0,,,,54.97,QDx15,0,0/5,saline
Brc1ccc(-c2nc3c4cccnc4c4ncccc4c3[nH]2)c2nsnc12.[c-]1ccccc1-c1ccccn1.[c-]1ccccc1-c1ccccn1,Ir,Ir1,xenograft,subcutaneous,A549,mouse,BALB/c nude,i.p.,3.9,6,primary_tumor,monotherapy,FALSE,200,1400,2450,0.9695,1.8900,42.9,48.7,11,"Tumor volumes graph-read from Fig.9b (day 11); baseline ~200mm3 at day 0 of treatment (both groups); TGI_weight from text values (control=1.8900g, treated=0.9695g); authors report IRT=48.89% by weight; no reference drug group; vehicle not specified; athymic BALB/c nude mice 3-4 weeks",10.1016/j.jinorgbio.2021.111550,,,,,,,QDx11,0,0/6,
Clc1ccc(-c2nc3c4cccnc4c4ncccc4c3[nH]2)cc1Cl.[c-]1ccccc1-c1ccccn1.[c-]1ccccc1-c1ccccn1,Ir,Ir2,xenograft,subcutaneous,A549,mouse,athymic nude,i.p.,9.45,6,primary_tumor,monotherapy,FALSE,,,,0.1359,0.1877,,27.6,10,"Sacrifice day 18 post-inoculation; treatment QDx10 starting 24h after inoculation; only relative tumor volume (T/C%) reported, no absolute mm3; tumor weights graph-read from Fig.12C; authors report TGI_weight=27.65%",10.1016/j.jinorgbio.2020.111014,,,,,,,QDx10,0,0/6,vehicle
,Ir,Ir-2-Lipo,xenograft,subcutaneous,A549,mouse,athymic nude,i.p.,4.725,6,primary_tumor,nanoformulation,FALSE,,,,0.1235,0.1877,,34.2,10,Liposome nanoformulation (PEGylated); sacrifice day 18 post-inoculation; only relative tumor volume reported; tumor weights graph-read from Fig.12C; authors report TGI_weight=34.04%,10.1016/j.jinorgbio.2020.111014,,,,,,,QDx10,0,0/6,vehicle
,Ir,Ir-2-Lipo,xenograft,subcutaneous,A549,mouse,athymic nude,i.p.,9.45,6,primary_tumor,nanoformulation,FALSE,,,,0.0844,0.1877,,55.1,10,Liposome nanoformulation (PEGylated); sacrifice day 18 post-inoculation; only relative tumor volume reported; tumor weights graph-read from Fig.12C; authors report TGI_weight=57.45% (minor graph-read discrepancy),10.1016/j.jinorgbio.2020.111014,,,,,,,QDx10,0,0/6,vehicle
Oc1ccc(-c2nc3c4cccnc4c4ncccc4c3[nH]2)cc1.[c-]1ccccc1-c1ccccn1.[c-]1ccccc1-c1ccccn1,Ir,Ir1,syngeneic,subcutaneous,B16,mouse,C57BL/6,i.p.,6.0,6,primary_tumor,monotherapy,FALSE,,,,5.26,6.85,,23.2,7,Authors label model as xenograft but B16/C57BL/6 is syngeneic; tumor volume graph shows only relative T/C% — absolute volumes not available; TGI from tumor weight only; vehicle = DMSO/saline,10.1016/j.ejmech.2019.06.009,,,,,,,QDx7,0,0/6,DMSO/saline
,Ir,Ir-1-Lipo,syngeneic,subcutaneous,B16,mouse,C57BL/6,i.p.,4.8,6,primary_tumor,nanoformulation,FALSE,,,,3.58,6.85,,47.7,7,PEGylated liposome formulation of Ir-1; tumor volume graph shows only relative T/C% — absolute volumes not available; TGI from tumor weight only; authors label model as xenograft but B16/C57BL/6 is syngeneic,10.1016/j.ejmech.2019.06.009,,,,,,,QDx7,0,0/6,blank liposome
,Ir,Ir-1-Lipo,syngeneic,subcutaneous,B16,mouse,C57BL/6,i.p.,9.6,6,primary_tumor,nanoformulation,FALSE,,,,1.88,6.85,,72.6,7,PEGylated liposome formulation of Ir-1; tumor volume graph shows only relative T/C% — absolute volumes not available; TGI from tumor weight only; authors label model as xenograft but B16/C57BL/6 is syngeneic,10.1016/j.ejmech.2019.06.009,,,,,,,QDx7,0,0/6,blank liposome
CC(C)(C)c1cc(-c2nc3ccccc3s2)[c-]c(-c2nc3ccccc3s2)c1.[Cl-].c1cnc2c(c1)ccc1cccnc12,Ir,Ir2,xenograft,subcutaneous,A549,mouse,BALB/c nude,i.t.,3.0,3,primary_tumor,monotherapy,FALSE,102.3,531.94,1872.76,1.54,6.63,71.6,76.8,14,"Intratumoral injection; tumor volumes from Table S7 (individual animal data, n=3); TGI_volume=(1872.76-531.94)/1872.76*100=71.6% matches authors 71.60%; tumor weights from Table S6; schedule not explicitly stated in text",10.1016/j.bioorg.2025.108507,cisplatin,3.0,1362.39,3.78,27.3,43.0,Q2Dx7,0,0/3,saline/DMSO
Cc1ccc(-c2nc3c4cccnc4c4ncccc4c3[nH]2)c(O)c1.[c-]1cccc2ccc3cccnc3c12.[c-]1cccc2ccc3cccnc3c12,Ir,7b,xenograft,subcutaneous,A549,mouse,BALB/c nude,i.p.,1.8,6,primary_tumor,monotherapy,FALSE,,,,0.65,0.88,,26.1,7,Relative tumor volumes only (V/V0) reported in Fig.7d; absolute volumes not provided; TGI_volume not calculable. Tumor weight from Fig.7e. Baseline ~5mm diameter at treatment start. No reference drug used. 7b selected as most active complex in vitro (IC50=4.5uM vs A549).,10.1016/j.ejmech.2025.117926,,,,,,,QDx7,0,0/6,
Cc1ccc(-c2nc3c4cccnc4c4ncccc4c3[nH]2)c(O)c1.[c-]1cccc2ccc3cccnc3c12.[c-]1cccc2ccc3cccnc3c12,Ir,7b,xenograft,subcutaneous,A549,mouse,BALB/c nude,i.p.,2.7,6,primary_tumor,monotherapy,FALSE,,,,0.29,0.88,,67.0,7,"Relative tumor volumes only (V/V0) reported in Fig.7d; absolute volumes not provided; TGI_volume not calculable. Tumor weight from Fig.7e; authors report TGI=66.9% (text), graph-read weight gives (0.88-0.29)/0.88=67.0%. Baseline ~5mm diameter at treatment start. No reference drug used. LLC/C57BL6 immune experiment (Fig.8) excluded from main (no TGI data).",10.1016/j.ejmech.2025.117926,,,,,,,QDx7,0,0/6,
CCN(CC)c1ccc2c(c1)Oc1ccccc1C21c2ccccc2C(=O)N1/N=C/c1ccccn1.Cc1c(C)c(C)[c-](C)c1C,Ir,Ir-rhod,xenograft,subcutaneous,A549cisR,mouse,nude,i.v.,2,5,primary_tumor,monotherapy,FALSE,90,195,560,0.38,0.85,65.2,55.3,18,Cisplatin-resistant A549R xenograft; volumes graph-read from Fig.7C (high-res screenshot); author-reported TGI 72.1% — discrepancy likely due to reading point; TGI_weight from Fig.7D graph-read; cisplatin ineffective as positive control,10.1016/j.redox.2025.103536,cisplatin,5,450,0.75,19.6,11.8,Q3Dx7,0,0/5,PBS
CCN(CC)c1ccc2c(c1)Oc1ccccc1C21c2ccccc2C(=O)N1/N=C/c1ccccn1.Cc1c(C)c(C)[c-](C)c1C,Ir,Ir-rhod,xenograft,subcutaneous,A549cisR,mouse,nude,i.v.,4,5,primary_tumor,monotherapy,FALSE,90,105,560,0.13,0.85,81.3,84.7,18,"Cisplatin-resistant A549R xenograft; volumes graph-read from Fig.7C (high-res screenshot); author-reported TGI 87.6% — discrepancy vs graph-read 81.3%, graph-read used per protocol; TGI_weight from Fig.7D graph-read; cisplatin ineffective as positive control",10.1016/j.redox.2025.103536,cisplatin,5,450,0.75,19.6,11.8,Q3Dx7,0,0/5,PBS
,Ir,Mito-Ir NPs,xenograft,subcutaneous,MKN-45,mouse,BALB/c nude,i.v.,2.5,5,primary_tumor,nanoformulation,FALSE,50,410,1520,0.310,1.030,73.0,69.9,14,"DSPE-PEG2000 nanoformulation; baseline ~50mm3 per text; tumor volume day 14 graph-read (text: 412±64mm3); cisplatin caused significant BW loss (~7-10%, exact % not reported); NPs BW stable",10.1021/acs.jmedchem.5c03188,cisplatin,2.5,710,0.540,53.3,47.6,Q2Dx7,0,0/5,PBS
,Ir,Lyso-Ir NPs,xenograft,subcutaneous,MKN-45,mouse,BALB/c nude,i.v.,2.5,5,primary_tumor,nanoformulation,FALSE,50,450,1520,0.250,1.030,70.4,75.7,14,"DSPE-PEG2000 nanoformulation; baseline ~50mm3 per text; tumor volume day 14 graph-read (text: 446±54mm3); cisplatin caused significant BW loss (~7-10%, exact % not reported); NPs BW stable; vaccination model (MFC/615) → pending efficacy_other",10.1021/acs.jmedchem.5c03188,cisplatin,2.5,710,0.540,53.3,47.6,Q2Dx7,0,0/5,PBS
CC1=C(/C=C/C(C)=C/C=C/C(C)=C/c2nc3c4cccnc4c4ncccc4c3[nH]2)C(C)(C)CCC1.[c-]1ccccc1-c1ccccn1.[c-]1ccccc1-c1ccccn1,Ir,Ir1,syngeneic,subcutaneous,B16,mouse,C57BL/6,i.p.,2.0,5,primary_tumor,monotherapy,FALSE,,,,,,,42.57,9,"TGI_weight from authors formula [(W1-W2)/W1x100%] identical to DB formula; absolute tumor weights not reported; only relative tumor volume (V/V0) in Fig.4b, no absolute volumes; treatment started day 10 post-inoculation; rapid regrowth after drug discontinuation",10.1016/j.ejmech.2022.115046,,,,,,,QDx9,0,0/5,saline
CC1=C(/C=C/C(C)=C/C=C/C(C)=C/c2nc3c4cccnc4c4ncccc4c3[nH]2)C(C)(C)CCC1.[c-]1ccccc1-c1ccccn1.[c-]1ccccc1-c1ccccn1,Ir,Ir1,syngeneic,subcutaneous,B16,mouse,C57BL/6,i.p.,3.0,5,primary_tumor,monotherapy,FALSE,,,,,,,56.14,9,"TGI_weight from authors formula [(W1-W2)/W1x100%] identical to DB formula; absolute tumor weights not reported; only relative tumor volume (V/V0) in Fig.4e, no absolute volumes; treatment started day 10 post-inoculation; H&E: no significant organ damage except extramedullary hematopoiesis in spleen",10.1016/j.ejmech.2022.115046,,,,,,,QDx9,0,0/5,saline
CC1=C(/C=C/C(C)=C/C=C/C(C)=C/c2nc3c4cccnc4c4ncccc4c3[nH]2)C(C)(C)CCC1.[c-]1ccccc1-c1ccccn1.[c-]1ccccc1-c1ccccn1,Ir,Ir1,syngeneic,subcutaneous,B16,mouse,C57BL/6,i.p.,5.0,5,primary_tumor,monotherapy,FALSE,,,,,,,71.67,9,"TGI_weight from authors formula [(W1-W2)/W1x100%] identical to DB formula; absolute tumor weights not reported; only relative tumor volume (V/V0) in Fig.4e, no absolute volumes; treatment started day 10 post-inoculation; H&E: no significant organ damage except extramedullary hematopoiesis in spleen",10.1016/j.ejmech.2022.115046,,,,,,,QDx9,0,0/5,saline
Cc1ccc2c(Cl)cc(Cl)c([O-])c2n1.O=Cc1c[c-]c(-c2ccccn2)cc1.O=Cc1c[c-]c(-c2ccccn2)cc1,Ir,Br-Ir,xenograft,subcutaneous,HepG2,mouse,nude,,10.0,5,primary_tumor,monotherapy,FALSE,50.97,361.6,1235.7,0.38,1.02,70.7,62.7,21,Female nude mice; tumor fragment transplant model (Hep-G2 cells grown to ~1000mm3 then fragments transplanted s.c. right flank); randomized at 80-190mm3; route of drug administration not specified in paper; vehicle=10% DMSO in saline q2d. Volumes from Table S6; TGI_volume=70.7% calculated from table values. Authors report IR=63.0% in text = weight-based per their formula (Wc-Wt)/Wc x100%; TGI_weight=62.7% confirms this. Baseline 50.97mm3 from Table S6 start column.,10.1093/mtomcs/mfae032,,,,,,,Q2Dx11,0,0/5,10% DMSO in saline
Oc1cccc2ccc(-c3nc4c5cccnc5c5ncccc5c4[nH]3)nc12.[c-]1ccccc1-c1ccccn1.[c-]1ccccc1-c1ccccn1,Ir,Ir-1,syngeneic,subcutaneous,H22,mouse,BALB/c,i.t.,5.0,5,primary_tumor,monotherapy,FALSE,100,470,1090,,,56.9,,15,Graph-read from Fig.11A (high-res screenshot); baseline ~100 mm3 at day 0 (randomization); no tumor weight data reported; body weight stable throughout (Fig.11B); authors report ~57% tumor volume reduction,10.1093/mtomcs/mfac068,,,,,,,Q3Dx5,0,0/5,"PET (6% PEG400, 3% ethanol, 1% Tween 80, 90% PBS)"
[c-]1ccccc1-c1nccc2cc3c(cc12)OCO3.[c-]1ccccc1-c1nccc2cc3c(cc12)OCO3.c1ccc(Nc2ccccn2)nc1,Ir,Ir1,syngeneic,subcutaneous,4T1,mouse,BALB/c,i.v.,40.0,6,primary_tumor,monotherapy,FALSE,20,230,800,0.44,0.76,71.2,42.1,19,Graph-read Fig.8A Day19; tumor weight back-calculated from author IRT=42.1% (Fig.8C); ctrl_wt=0.76g graph-read,10.1016/j.apsb.2024.06.017,oxaliplatin,7.0,450,0.54,43.8,29.6,Q2Dx10,0,0/6,saline
,Ir,Ir1+anti-PD1,syngeneic,subcutaneous,4T1,mouse,BALB/c,i.v.,40.0,6,primary_tumor,combination,FALSE,20,145,800,0.26,0.76,81.9,66.2,19,Ir-1 (40mg/kg) + anti-PD1 (10mg/kg); graph-read Fig.8A Day19; tumor weight back-calculated from author IRT=66.2% (Fig.8C); ctrl_wt=0.76g graph-read,10.1016/j.apsb.2024.06.017,oxaliplatin,7.0,450,0.54,43.8,29.6,Q2Dx10,0,0/6,saline
COC(=O)c1ccnc(-c2[c-]cccc2)c1.COC(=O)c1ccnc(-c2[c-]cccc2)c1.Nc1ccc2nc3c4cccnc4c4ncccc4c3nc2c1,Ir,IrL1,xenograft,subcutaneous,4T1,mouse,NOD/SCID,i.v.,5.0,4,primary_tumor,monotherapy,FALSE,,850,1680,,,49.4,,16,"n=4/group; QDx16 i.v. (days 1-16), sacrifice day 17; absolute volumes graph-read from Fig 12d; Fig 12c shows only relative V/V0; baseline volume not reported; tumor weight shown as photo only (Fig 12e), no quantitative data; body weight loss ~10.4% graph-read from Fig 12b (IrL1 group: ~24.0g day-5 to ~21.5g day15); authors state no weight loss vs control but absolute loss present; IrL1 accumulates predominantly in spleen by ICP-MS; H&E shows no organ toxicity",10.1002/smll.202406809,,,,,,,Q2Dx8,10.4,0/4,saline
C[N+]1(C)CCN(c2ccc(-c3nc4c5cccnc5c5ncccc5c4[nH]3)cc2)CC1.Fc1[c-]c(-c2ccccn2)cc(F)c1.Fc1[c-]c(-c2ccccn2)cc(F)c1,Ir,Ir6,xenograft,subcutaneous,A375,mouse,BALB/c nude,i.t.,0.013,5,primary_tumor,monotherapy,TRUE,66,300,2100,,,85.7,,14,Dual PDT/PTT (808 nm LPL 0.1 W/cm2 light dose 30 J/cm2); i.t. injection 20 uL 10 uM; dose calculated from MW=1272 mean BW=19g; baseline 66 mm3 from SI text Day 10; final volumes graph-read Day 24 (control Group I=2100 treated=300); TGI=(2100-300)/2100*100=85.7%; 100% survival Day 24,10.1002/adhm.202301227,,,,,,,QDx1,0,0/5,PBS
C[N+]1(C)CCN(c2ccc(-c3nc4c5cccnc5c5ncccc5c4[nH]3)cc2)CC1.Fc1[c-]c(-c2ccccn2)cc(F)c1.Fc1[c-]c(-c2ccccn2)cc(F)c1,Ir,Ir6,xenograft,subcutaneous,A375,mouse,BALB/c nude,i.t.,0.013,5,primary_tumor,monotherapy,FALSE,66,1950,2100,,,7.1,,14,Ir6 dark control (Group III); no irradiation; final volume graph-read Day 24=1950 mm3; TGI=(2100-1950)/2100*100=7.1%; minimal dark toxicity in vivo; dose calculated from MW=1272 mean BW=19g,10.1002/adhm.202301227,,,,,,,QDx1,0,0/5,PBS
[c-]1c(-c2ncccc2)cccc1.[c-]1c(-c2ncccc2)cccc1.[CH-]12[Fe+2]345678(C1(P(C1C=CC=CC=1)C1C=CC=CC=1)=C3C4=C25)C1[CH-]C6(P(C2C=CC=CC=2)C2C=CC=CC=2)=C7C=18,Ir,Ir1,syngeneic,subcutaneous,4T1,mouse,BALB/c,i.t.,5,4,primary_tumor,monotherapy,FALSE,100,310,1150,,,73.0,,14,"Bilateral tumor model; i.t. injection into primary tumor only; graph-read day 14; authors report TGI=72.1% (within graph-read error); n=4 confirmed from SI and tumor photos (Fig.6d); strain BALB/c per biological logic (4T1 syngeneic); main text typo 'BALC/C', SI typo 'C57BL/6'; no tumor weights reported",10.1002/anie.202115247,,,,,,,Q7Dx2,0,0/4,saline
[c-]1c(-c2ncccc2)cccc1.[c-]1c(-c2ncccc2)cccc1.[CH-]12[Fe+2]345678(C1(P(C1C=CC=CC=1)C1C=CC=CC=1)=C3C4=C25)C1[CH-]C6(P(C2C=CC=CC=2)C2C=CC=CC=2)=C7C=18,Ir,Ir1,syngeneic,subcutaneous,4T1,mouse,BALB/c,i.t.,5,4,distant_tumor,monotherapy,FALSE,,110,700,,,84.3,,14,"Bilateral tumor model; distant (contralateral) tumor not injected; i.t. into primary only; graph-read day 14 gives TGI=84.3%; authors report 87.0% (text); n=4 confirmed from SI and tumor photos (Fig.6e); strain BALB/c per biological logic (4T1 syngeneic); main text typo 'BALC/C', SI typo 'C57BL/6'; no tumor weights reported",10.1002/anie.202115247,,,,,,,Q7Dx2,0,0/4,saline
O=C(CCCC[C@H]1SC[C@H]2NC(=O)N[C@H]21)Nc1ccc(-c2nc3c4cccnc4c4ncccc4c3[nH]2)cc1.[c-]1ccccc1-c1nccc2ccccc12.[c-]1ccccc1-c1nccc2ccccc12,Ir,Ir3,xenograft,subcutaneous,A549,mouse,BALB/c nude,i.t.,10,4,primary_tumor,monotherapy,TRUE,100,20,680,0.03,0.50,97.1,94.0,21,"Ir3+light; 425 nm 40 mW/cm2 15 min irradiation 3h post i.t. injection; dose 10 mg/kg per Methods (SI); Fig.10 legend states 20 mg/kg — likely typo, Methods used; n=4 per Methods (Fig.10 legend states 5 — Methods used); baseline 80-100 mm3 at randomization; control = saline dark; graph-read from Fig.10B and Fig.10D (screenshots)",10.1016/j.dyepig.2023.111641,,,,,,,QDx1,0,0/4,saline
O=C(CCCC[C@H]1SC[C@H]2NC(=O)N[C@H]21)Nc1ccc(-c2nc3c4cccnc4c4ncccc4c3[nH]2)cc1.[c-]1ccccc1-c1nccc2ccccc12.[c-]1ccccc1-c1nccc2ccccc12,Ir,Ir3,xenograft,subcutaneous,A549,mouse,BALB/c nude,i.t.,10,4,primary_tumor,monotherapy,FALSE,100,420,680,0.26,0.50,38.2,48.0,21,"Ir3 dark (no irradiation); dose 10 mg/kg per Methods (SI); Fig.10 legend states 20 mg/kg — likely typo, Methods used; n=4 per Methods; baseline 80-100 mm3 at randomization; control = saline dark; graph-read from Fig.10B and Fig.10D (screenshots)",10.1016/j.dyepig.2023.111641,,,,,,,QDx1,0,0/4,saline
,Ir,Ir2,xenograft,subcutaneous,HepG2,mouse,nude,i.t.,1.0,5,primary_tumor,monotherapy,TRUE,80,20,600,0.12,0.55,96.7,78.2,14,"PDT: 525 nm, 88.68 J/cm2 (49.26 mW/cm2, 30 min), 60 min after i.t. injection; 4 groups n=5; baseline ~80 mm3 confirmed in SI; graph-read Fig4A day 14: Control~600, Light~535, Ir2_dark~535, Ir2+Light~20 mm3; graph-read Fig4C medians: Control~0.55g, Light~0.50g, Ir2_dark~0.50g, Ir2+Light~0.12g",10.1002/ange.202202098,,,,,,,QDx1,0,0/5,PBS
,Ir,Ir2,xenograft,subcutaneous,HepG2,mouse,nude,i.t.,1.0,5,primary_tumor,monotherapy,FALSE,80,535,600,0.50,0.55,10.8,9.1,14,No light; dark toxicity control group; graph-read Fig4A day 14: Ir2_dark~535 mm3; graph-read Fig4C median~0.50g; minimal tumor suppression confirms PDT-dependent mechanism,10.1002/ange.202202098,,,,,,,QDx1,0,0/5,PBS
Clc1ccnc2c1ccc1c(Cl)ccnc12.[c-]1cccc2ccc3cccnc3c12.[c-]1cccc2ccc3cccnc3c12,Ir,Ir1,xenograft,subcutaneous,HeLa,mouse,nude,,3.0,5,primary_tumor,monotherapy,FALSE,75,340,980,,,65.3,,14,Graph-read Fig.S16A; baseline 75-100mm3 per protocol (graph-read Day0 ~75mm3); group size 5/group; route of drug administration not reported; schedule not reported; no tumor weight numerical data; authors' TGI formula differs from DB standard (relative volume method),10.1016/j.bioorg.2023.106867,,,,,,,,0,0/5,saline
Clc1ccnc2c1ccc1c(Cl)ccnc12.[c-]1cccc2ccc3cccnc3c12.[c-]1cccc2ccc3cccnc3c12,Ir,Ir1,xenograft,subcutaneous,HeLa,mouse,nude,,6.0,5,primary_tumor,monotherapy,FALSE,75,260,980,,,73.5,,14,Graph-read Fig.S16A; baseline 75-100mm3 per protocol (graph-read Day0 ~75mm3); group size 5/group; route of drug administration not reported; schedule not reported; no tumor weight numerical data; authors' TGI formula differs from DB standard (relative volume method),10.1016/j.bioorg.2023.106867,,,,,,,,0,0/5,saline
CC(C)c1ccc(-c2nc3c4cccnc4c4ncccc4c3[nH]2)cc1.[c-]1ccccc1-c1ccccn1.[c-]1ccccc1-c1ccccn1,Ir,PPY,syngeneic,subcutaneous,4T1,mouse,BALB/c,i.v.,10.0,6,primary_tumor,monotherapy,FALSE,250,520,1600,,,67.5,62.0,14,Free PPY; group_size=6 (sampled on day14; 5 remaining for survival); TGI_volume from graph-read Fig8d day13 (last measurement point); TGI_weight from author text ex vivo day14 (absolute weights not reported); baseline ~250mm3 at randomization; body weight stable (no loss) Fig8c; vehicle=PEG400/ethanol per Supporting,10.1021/acs.jmedchem.5c02025,paclitaxel,10.0,500,,68.8,62.0,Q2Dx7,0,0/6,PEG400/ethanol
,Ir,PPY-NPs,syngeneic,subcutaneous,4T1,mouse,BALB/c,i.v.,10.0,6,primary_tumor,nanoformulation,FALSE,250,300,1600,,,81.3,78.0,14,PPY in PLGA nanoparticles (50:50); group_size=6 (sampled on day14; 5 remaining for survival); TGI_volume from graph-read Fig8d day13 (last measurement point); TGI_weight from author text ex vivo day14 (absolute weights not reported); baseline ~250mm3 at randomization; body weight stable (no loss) Fig8c; reconstituted in saline per Supporting,10.1021/acs.jmedchem.5c02025,paclitaxel,10.0,500,,68.8,62.0,Q2Dx7,0,0/6,saline
Oc1cc(N(CCCl)CCCl)ccc1-c1nc2c3cccnc3c3ncccc3c2[nH]1.[c-]1ccccc1-c1ccccn1.[c-]1ccccc1-c1ccccn1,Ir,Ir2,syngeneic,orthotopic,4T1,mouse,BALB/c,i.t.,0.76,5,primary_tumor,monotherapy,TRUE,50,120,1600,0.25,1.38,92.5,81.9,16,"Dose calculated from 500 µM × 25 µL i.t., MW=1097.908, mouse 18 g; orthotopic 4T1 (1×10^7 cells, right mammary fat pad); single injection; 4 groups PBS/PBS+light/Ir2-dark/Ir2+light n=5; body weight unchanged Fig.8e; graph-read Fig.8b,c; irradiation 405 nm 20 mW/cm² 10 min",10.1039/d3sc03096b,,,,,,,,0,0/5,PBS
Oc1cc(N(CCCl)CCCl)ccc1-c1nc2c3cccnc3c3ncccc3c2[nH]1.[c-]1ccccc1-c1ccccn1.[c-]1ccccc1-c1ccccn1,Ir,Ir2,syngeneic,orthotopic,4T1,mouse,BALB/c,i.t.,0.76,5,primary_tumor,monotherapy,FALSE,50,1350,1600,1.35,1.38,15.6,2.2,16,"Dose calculated from 500 µM × 25 µL i.t., MW=1097.908, mouse 18 g; orthotopic 4T1 (1×10^7 cells, right mammary fat pad); single injection; 4 groups PBS/PBS+light/Ir2-dark/Ir2+light n=5; body weight unchanged Fig.8e; graph-read Fig.8b,c; no irradiation (dark control); no significant antitumor effect",10.1039/d3sc03096b,,,,,,,,0,0/5,PBS
Clc1cc2nc3c4cccnc4c4ncccc4c3nc2cc1Cl.[c-]1ccccc1-c1ccccn1.[c-]1ccccc1-c1ccccn1,Ir,Ir1,xenograft,subcutaneous,SGC-7901,mouse,BALB/c nude,i.p.,3.2,5,primary_tumor,monotherapy,FALSE,,,,,,,54.08,14,"Fig.7b shows only relative tumor volume (V/V0, dimensionless; axis mislabelled as mm3 by authors); absolute volumes not reported, TGI_volume not calculable; TGI_weight 54.08% from author text [(C-T)/C x100% by tumor weight], absolute weights not reported; no reference drug group",10.1016/j.bioorg.2021.105290,,,,,,,QDx14,0,0/5,saline
COc1ccc(OC)c2nc3c4cccnc4c4ncccc4c3nc12.[c-]1ccccc1-c1nccc2ccccc12.[c-]1ccccc1-c1nccc2ccccc12,Ir,3,xenograft,subcutaneous,SGC-7901,mouse,nude,i.p.,0.4,6,primary_tumor,monotherapy,FALSE,199,,,0.667,1.056,,36.84,7,Only relative tumor volume (V/V0) available in Fig.12A; absolute volumes not reported; TGI_volume not calculated. TGI_weight graph-read from Fig.12C; authors report 36.79%. Baseline ~199mm3 stated in text. Sacrificed day 8 post-inoculation.,10.1039/c9nj01001g,cisplatin,2,,0.782,,25.95,QDx7,0,0/6,
COc1ccc(OC)c2nc3c4cccnc4c4ncccc4c3nc12.[c-]1ccccc1-c1nccc2ccccc12.[c-]1ccccc1-c1nccc2ccccc12,Ir,3,xenograft,subcutaneous,SGC-7901,mouse,nude,i.p.,0.8,6,primary_tumor,monotherapy,FALSE,199,,,0.546,1.056,,48.30,7,Only relative tumor volume (V/V0) available in Fig.12A; absolute volumes not reported; TGI_volume not calculated. TGI_weight graph-read from Fig.12C; authors report 48.21%. Baseline ~199mm3 stated in text. Sacrificed day 8 post-inoculation.,10.1039/c9nj01001g,cisplatin,2,,0.782,,25.95,QDx7,0,0/6,
Cn1c2ccccc2c2ccnc(-c3ccc4ccccc4n3)c21.[c-]1ccccc1-c1ccccn1.[c-]1ccccc1-c1ccccn1,Ir,IrM2,xenograft,subcutaneous,A549,mouse,nude,i.p.,2.5,4,primary_tumor,monotherapy,FALSE,110,290,790,,,73.5,,21,"Graph-read Fig.8A; TGI by Wong et al. formula confirmed in SI: (1-deltaT/deltaC)*100; deltaC=680, deltaT_IrM2=180; authors report 73% — consistent; baseline 100-120 mm3 per SI (graph-read ~110 mm3); no tumor weight data; cisplatin BW loss ~10% per text; female mice",10.1039/c8dt00783g,cisplatin,2.5,340,,66.2,,Q3Dx7,0,0/4,PEG400/ethanol/Tween80 (6:3:1) diluted PBS 1:9
Cc1ccc2ccc3ccc(C)nc3c2n1.[C-]#[N+]c1ccc(C)cc1.[C-]#[O+].[C-]#[O+].[C-]#[O+],Re,TRIP-1a,xenograft,subcutaneous,A2780,mouse,NSG,i.v.,5,7,primary_tumor,monotherapy,FALSE,100,4150,5100,,,18.6,,16,5 mg/kg: no significant effect on tumor growth rate per authors; no statistical significance vs vehicle at any timepoint (Fig. 5a graph-read); tumor volumes graph-read from Fig. 5a at day 16 (last timepoint with surviving vehicle mice per Fig. 5c); group size from Kaplan-Meier Fig. 5c (n=7 initial); baseline >100 mm3 per text; tumor weight data collected postmortem but not reported numerically; max weight loss not reported (Fig. S94 unavailable); some mice discontinued early due to weight loss or injection site necrosis,10.1021/acs.inorgchem.0c01442,,,,,,,BIWx6,,0/7,20% DMSO/PBS
Cc1ccc2ccc3ccc(C)nc3c2n1.[C-]#[N+]c1ccc(C)cc1.[C-]#[O+].[C-]#[O+].[C-]#[O+],Re,TRIP-1a,xenograft,subcutaneous,A2780,mouse,NSG,i.v.,10,7,primary_tumor,monotherapy,FALSE,100,4600,5100,,,9.8,,16,10 mg/kg: no significant effect on tumor growth rate per authors; no statistical significance vs vehicle at any timepoint (Fig. 5a graph-read); tumor volumes graph-read from Fig. 5a at day 16 (last timepoint with surviving vehicle mice per Fig. 5c); group size from Kaplan-Meier Fig. 5c (n=7 initial); baseline >100 mm3 per text; tumor weight data collected postmortem but not reported numerically; max weight loss not reported (Fig. S94 unavailable); some mice discontinued early due to weight loss or injection site necrosis,10.1021/acs.inorgchem.0c01442,,,,,,,BIWx6,,0/7,20% DMSO/PBS
Cc1ccc2ccc3ccc(C)nc3c2n1.[C-]#[N+]c1ccc(C)cc1.[C-]#[O+].[C-]#[O+].[C-]#[O+],Re,TRIP-1a,xenograft,subcutaneous,A2780,mouse,NSG,i.v.,20,6,primary_tumor,monotherapy,FALSE,100,2050,5100,,,59.8,,16,20 mg/kg: significant tumor growth inhibition (p<0.05 at day 9; p<0.01 at day 11; p<0.05 at day 13; p<0.005 at day 16 per Fig. 5a); survival prolonged 150% vs vehicle (Kaplan-Meier Fig. 5c); 3/6 mice alive at day 27 (end of study); tumor volumes graph-read from Fig. 5a at day 16 (last timepoint with surviving vehicle mice per Fig. 5c); group size from Kaplan-Meier Fig. 5c (n=6 initial); baseline >100 mm3 per text; tumor weight data collected postmortem but not reported numerically; body weight changes described as minimal (Fig. S94 unavailable); injection site necrosis and weight loss caused early discontinuation in some mice,10.1021/acs.inorgchem.0c01442,,,,,,,BIWx6,,0/6,20% DMSO/PBS
CC[n+]1ccc(-c2ccc(N(c3ccc(-c4cc[n+](CC)cc4)cc3)c3ccc(-c4ccc(-c5ccccn5)nc4)cc3)cc2)cc1.[c-]1ccccc1-c1ccccn1.[c-]1ccccc1-c1ccccn1,Ir,IrC,syngeneic,subcutaneous,4T1,mouse,BALB/c,i.t.,5,4,primary_tumor,monotherapy,TRUE,120,310,840,,,63.1,,16,Bilateral tumor model; i.t. 50uL; injections day 0/4/8; 425nm 20mW/cm2 PDT on day 1/5/9; baseline~120mm3 graph-read Fig7c day0; graph-read Fig7c day16; n>=3,10.1002/ange.202410803,cisplatin,5,310,,63.1,,Q4Dx3,0,0/4,2% DMSO/4% PEG400/4% Tween80/90% PBS
CC[n+]1ccc(-c2ccc(N(c3ccc(-c4cc[n+](CC)cc4)cc3)c3ccc(-c4ccc(-c5ccccn5)nc4)cc3)cc2)cc1.Fc1c[c-]c(-c2ccccn2)c(F)c1.Fc1c[c-]c(-c2ccccn2)c(F)c1,Ir,IrF,syngeneic,subcutaneous,4T1,mouse,BALB/c,i.t.,5,4,primary_tumor,monotherapy,TRUE,120,320,840,,,61.9,,16,Bilateral tumor model; i.t. 50uL; injections day 0/4/8; 425nm 20mW/cm2 PDT on day 1/5/9; baseline~120mm3 graph-read Fig7c day0; graph-read Fig7c day16; n>=3,10.1002/ange.202410803,cisplatin,5,310,,63.1,,Q4Dx3,0,0/4,2% DMSO/4% PEG400/4% Tween80/90% PBS
CC[n+]1ccc(-c2ccc(N(c3ccc(-c4cc[n+](CC)cc4)cc3)c3ccc(-c4ccc(-c5ccccn5)nc4)cc3)cc2)cc1.[c-]1ccccc1-c1ccccn1.[c-]1ccccc1-c1ccccn1,Ir,IrC,syngeneic,subcutaneous,4T1,mouse,BALB/c,i.t.,5,4,primary_tumor,monotherapy,FALSE,120,720,840,,,14.3,,16,Bilateral tumor model; dark control (no irradiation); i.t. 50uL day 0/4/8; graph-read Fig7c day16; n>=3,10.1002/ange.202410803,cisplatin,5,310,,63.1,,Q4Dx3,0,0/4,2% DMSO/4% PEG400/4% Tween80/90% PBS
CC[n+]1ccc(-c2ccc(N(c3ccc(-c4cc[n+](CC)cc4)cc3)c3ccc(-c4ccc(-c5ccccn5)nc4)cc3)cc2)cc1.Fc1c[c-]c(-c2ccccn2)c(F)c1.Fc1c[c-]c(-c2ccccn2)c(F)c1,Ir,IrF,syngeneic,subcutaneous,4T1,mouse,BALB/c,i.t.,5,4,primary_tumor,monotherapy,FALSE,120,700,840,,,16.7,,16,Bilateral tumor model; dark control (no irradiation); i.t. 50uL day 0/4/8; graph-read Fig7c day16; n>=3,10.1002/ange.202410803,cisplatin,5,310,,63.1,,Q4Dx3,0,0/4,2% DMSO/4% PEG400/4% Tween80/90% PBS
CC[n+]1ccc(-c2ccc(N(c3ccc(-c4cc[n+](CC)cc4)cc3)c3ccc(-c4ccc(-c5ccccn5)nc4)cc3)cc2)cc1.[c-]1ccccc1-c1ccccn1.[c-]1ccccc1-c1ccccn1,Ir,IrC,syngeneic,subcutaneous,4T1,mouse,BALB/c,i.t.,5,4,distant_tumor,monotherapy,TRUE,,80,255,,,68.6,,16,Bilateral tumor model; distant tumor (left flank) untreated; abscopal immune effect; PDT applied to primary only; injections day 0/4/8; graph-read Fig7d day16; n>=3,10.1002/ange.202410803,cisplatin,5,190,,25.5,,Q4Dx3,0,0/4,2% DMSO/4% PEG400/4% Tween80/90% PBS
CC[n+]1ccc(-c2ccc(N(c3ccc(-c4cc[n+](CC)cc4)cc3)c3ccc(-c4ccc(-c5ccccn5)nc4)cc3)cc2)cc1.Fc1c[c-]c(-c2ccccn2)c(F)c1.Fc1c[c-]c(-c2ccccn2)c(F)c1,Ir,IrF,syngeneic,subcutaneous,4T1,mouse,BALB/c,i.t.,5,4,distant_tumor,monotherapy,TRUE,,95,255,,,62.7,,16,Bilateral tumor model; distant tumor (left flank) untreated; abscopal immune effect; PDT applied to primary only; injections day 0/4/8; graph-read Fig7d day16; n>=3,10.1002/ange.202410803,cisplatin,5,190,,25.5,,Q4Dx3,0,0/4,2% DMSO/4% PEG400/4% Tween80/90% PBS
CC[n+]1ccc(-c2ccc(N(c3ccc(-c4cc[n+](CC)cc4)cc3)c3ccc(-c4ccc(-c5ccccn5)nc4)cc3)cc2)cc1.[c-]1ccccc1-c1ccccn1.[c-]1ccccc1-c1ccccn1,Ir,IrC,syngeneic,subcutaneous,4T1,mouse,BALB/c,i.t.,5,4,distant_tumor,monotherapy,FALSE,,190,255,,,25.5,,16,Bilateral tumor model; dark control; distant tumor (left flank) untreated; graph-read Fig7d day16; n>=3,10.1002/ange.202410803,cisplatin,5,190,,25.5,,Q4Dx3,0,0/4,2% DMSO/4% PEG400/4% Tween80/90% PBS
CC[n+]1ccc(-c2ccc(N(c3ccc(-c4cc[n+](CC)cc4)cc3)c3ccc(-c4ccc(-c5ccccn5)nc4)cc3)cc2)cc1.Fc1c[c-]c(-c2ccccn2)c(F)c1.Fc1c[c-]c(-c2ccccn2)c(F)c1,Ir,IrF,syngeneic,subcutaneous,4T1,mouse,BALB/c,i.t.,5,4,distant_tumor,monotherapy,FALSE,,185,255,,,27.5,,16,Bilateral tumor model; dark control; distant tumor (left flank) untreated; graph-read Fig7d day16; n>=3,10.1002/ange.202410803,cisplatin,5,190,,25.5,,Q4Dx3,0,0/4,2% DMSO/4% PEG400/4% Tween80/90% PBS
Cc1ccnc(-c2cc(CNC(=O)c3ccc(-c4ccc(/C(=C(\c5ccccc5)c5ccc(OCCCC[P+](c6ccccc6)(c6ccccc6)c6ccccc6)cc5)c5ccccc5)cc4)cc3)ccn2)c1.[c-]1ccccc1-c1ccccn1.[c-]1ccccc1-c1ccccn1,Ir,Ir-TPE,xenograft,subcutaneous,MCF-7,mouse,BALB/c nude,i.t.,5.0,5,primary_tumor,monotherapy,FALSE,100,570,920,0.63,1.02,38.0,38.2,16,"Ir-TPE without light irradiation (dark group). BALB/c nude confirmed in Supporting. Route not explicitly stated; authors write 'orthotopic injection' likely meaning i.t. Randomisation at 80-100 mm3 (Supporting); baseline ~100 mm3 graph-read Fig.4c. PDT light: 420 nm, 80 mW/cm2, 10 min (Supporting). Tumor volume graph-read from Fig.4c; tumor weight graph-read from Fig.4d. PBS (no light) used as control for TGI calculation.",10.1016/j.cclet.2024.110099,,,,,,,Q2Dx8,0,0/5,PBS
Cc1ccnc(-c2cc(CNC(=O)c3ccc(-c4ccc(/C(=C(\c5ccccc5)c5ccc(OCCCC[P+](c6ccccc6)(c6ccccc6)c6ccccc6)cc5)c5ccccc5)cc4)cc3)ccn2)c1.[c-]1ccccc1-c1ccccn1.[c-]1ccccc1-c1ccccn1,Ir,Ir-TPE,xenograft,subcutaneous,MCF-7,mouse,BALB/c nude,i.t.,5.0,5,primary_tumor,monotherapy,TRUE,100,50,920,0.08,1.02,94.6,92.2,16,"Ir-TPE with 420 nm light (80 mW/cm2, 10 min); main PDT group; p<0.0001 vs PBS. BALB/c nude confirmed in Supporting. Route not explicitly stated; authors write 'orthotopic injection' likely meaning i.t. Randomisation at 80-100 mm3 (Supporting); baseline ~100 mm3 graph-read Fig.4c. PDT light: 420 nm, 80 mW/cm2, 10 min (Supporting). Tumor volume graph-read from Fig.4c; tumor weight graph-read from Fig.4d. PBS (no light) used as control for TGI calculation.",10.1016/j.cclet.2024.110099,,,,,,,Q2Dx8,0,0/5,PBS
CC(C)(C)c1ccnc(-c2cc(C(C)(C)C)ccn2)c1.Fc1c[c-]c(-c2ccc(C(F)(F)F)cn2)c(F)c1.Fc1c[c-]c(-c2ccc(C(F)(F)F)cn2)c(F)c1,Ir,Ir-dF,xenograft,subcutaneous,HeLa,mouse,BALB/c nude,i.t.,0.5,5,primary_tumor,monotherapy,FALSE,100,,,,,19.2,,12,Only relative tumor volumes (V/V0) from Fig.8B; V/V0~2.10 at day 12. TGI vs PBS/dark (V/V0~2.60). Ir-dF i.t. without irradiation.,10.1021/acsami.4c13889,,,,,,,Q3Dx2,0,0/5,PBS/DMSO
CC(C)(C)c1ccnc(-c2cc(C(C)(C)C)ccn2)c1.Fc1c[c-]c(-c2ccc(C(F)(F)F)cn2)c(F)c1.Fc1c[c-]c(-c2ccc(C(F)(F)F)cn2)c(F)c1,Ir,Ir-dF,xenograft,subcutaneous,HeLa,mouse,BALB/c nude,i.t.,0.5,5,primary_tumor,monotherapy,TRUE,100,,,,,51.9,,12,"Only relative tumor volumes (V/V0) from Fig.8B; V/V0~1.25 at day 12. TGI vs PBS/dark (V/V0~2.60). Authors report 52% inhibition at day 12 (consistent with graph-read). Two-photon laser: 800nm, 1W/cm2, 10min at day1+4 post i.t. injection. No body weight loss. PDT via two-photon excitation.",10.1021/acsami.4c13889,,,,,,,Q3Dx2,0,0/5,PBS/DMSO
COc1ccc(C(=O)Nc2cc3cccnc3c3ncccc23)cc1.[c-]1ccccc1-c1ccc2ccccc2n1.[c-]1ccccc1-c1ccc2ccccc2n1,Ir,Ir-Mito2,syngeneic,subcutaneous,MB49,mouse,C57BL/6N,i.t.,10.0,4,primary_tumor,monotherapy,FALSE,100,1200,1600,,,25.0,,12,i.t. injection days 1 and 4; no light activation; tumor volumes graph-read from Fig.5B day 12 (image); PBS control; author-reported TGI 26.12%,10.1016/j.jcis.2024.12.073,,,,,,,Q4Dx2,0,0/4,PBS
COc1ccc(C(=O)Nc2cc3cccnc3c3ncccc23)cc1.[c-]1ccccc1-c1ccc2ccccc2n1.[c-]1ccccc1-c1ccc2ccccc2n1,Ir,Ir-Mito2,syngeneic,subcutaneous,MB49,mouse,C57BL/6N,i.t.,10.0,4,primary_tumor,monotherapy,TRUE,100,250,1600,,,84.4,,12,i.t. injection days 1 and 4; white light 3 min at 2h post-injection; tumor volumes graph-read from Fig.5B day 12 (image); PBS control; author-reported TGI 84.60%; PDT type I+II,10.1016/j.jcis.2024.12.073,,,,,,,Q4Dx2,0,0/4,PBS
C(F)(F)(F)c1c2c(cccc2)nc(-c2sc3c(cccc3)[c-]2)c1.C(F)(F)(F)c1c2c(cccc2)nc(-c2sc3c(cccc3)[c-]2)c1.O=C(c1c(OCCCN2CCOCC2)cccn1)[O-],Ir,B4,xenograft,subcutaneous,PANC-1,mouse,BALB/c nude,i.v.,10.0,4,primary_tumor,monotherapy,FALSE,50,,,0.58,0.51,14.2,-13.7,30,Only relative tumor volumes (v/v0) reported (Fig.6C); TGI_volume from graph-read v/v0 at Day 30: B4 w/o light~515 vs PBS~600; tumor weight graph-read from inset Fig.6E: B4 only~0.58g vs PBS~0.51g; negative TGI_weight indicates no weight-based inhibition in dark control; baseline ~50 mm3 per Supporting; ** p<0.01 between B4 w/o light and B4+635nm groups,10.1002/advs.202407236,,,,,,,Q3Dx2,0,0/4,2.5% Kolliphor HS15
C(F)(F)(F)c1c2c(cccc2)nc(-c2sc3c(cccc3)[c-]2)c1.C(F)(F)(F)c1c2c(cccc2)nc(-c2sc3c(cccc3)[c-]2)c1.O=C(c1c(OCCCN2CCOCC2)cccn1)[O-],Ir,B4,xenograft,subcutaneous,PANC-1,mouse,BALB/c nude,i.v.,10.0,4,primary_tumor,monotherapy,TRUE,50,,,0.01,0.51,99.2,98.0,30,"Only relative tumor volumes (v/v0) reported (Fig.6C); TGI_volume from graph-read v/v0 at Day 30: B4+635nm~5 vs PBS~600; tumor weight graph-read from inset Fig.6E: B4+635nm~0.01g vs PBS~0.51g; red curve near zero from Day 10; several mice showed complete tumor regression; PDT on Day 1 and Day 4 (635nm, 170 J/cm2, 3h post i.v.); baseline ~50 mm3 per Supporting; autophagy inhibition confirmed by IHC LC3 down p62 up (Fig.6H); ** p<0.01 vs B4 w/o light",10.1002/advs.202407236,,,,,,,Q3Dx2,0,0/4,2.5% Kolliphor HS15
[O-]c1ccc(Br)c2cccnc12.[c-]1ccccc1-c1ccc2ccccc2n1.[c-]1ccccc1-c1ccc2ccccc2n1,Ir,5BrIr,xenograft,subcutaneous,A549/DDP,mouse,,i.p.,2.0,6,primary_tumor,monotherapy,FALSE,,571.2,1031.5,0.777,1.419,44.6,45.2,15,"Tumor volumes from Table S5: control 1031.5±123.8, 5BrIr 571.2±42.1 mm3; T/C=55.4%; TGI_volume=(1031.5-571.2)/1031.5*100=44.6%; tumor weights from Table S6: control 1.419±0.013 g, 5BrIr 0.777±0.071 g; TGI_weight=(1.419-0.777)/1.419*100=45.2%; authors report 45.3% (rounding); dose 2.0 mg/kg confirmed by tables — Fig.7 legend '5.0 mg/kg' is a typo; group size not reported in main text",10.1016/j.inoche.2022.109609,,,,,,,Q2Dx8,0,0/6,5% DMSO/saline
CCCCCCCCCc1ccnc(-c2cc(CCCCCCCCC)ccn2)c1.Cc1c[c-]c(-c2ccccn2)cc1.Cc1c[c-]c(-c2ccccn2)cc1,Ir,1,xenograft,subcutaneous,A498,mouse,BALB/cAnN.Cg-Foxn1nu/CrlNarl,i.p.,14.0,6,primary_tumor,monotherapy,FALSE,175,980,1300,,,24.6,,30,Racemic compound; graph-read Fig.5b day 30; baseline ~175mm3 from text (150-200mm3); tumor weight not measured; 4x/week i.p. dosing; no overt toxicity or weight loss observed,10.1039/c7sc00311k,,,,,,,4xWk,0,0/6,13% DMSO in PBS
,Ir,Δ-1,xenograft,subcutaneous,A498,mouse,BALB/cAnN.Cg-Foxn1nu/CrlNarl,i.p.,14.0,6,primary_tumor,monotherapy,FALSE,175,560,1300,,,56.9,,30,Delta-enantiomer (more potent than racemic 1 and Lambda-1); graph-read Fig.5b day 30; baseline ~175mm3 from text (150-200mm3); tumor weight not measured; 4x/week i.p. dosing; no overt toxicity or weight loss observed,10.1039/c7sc00311k,,,,,,,4xWk,0,0/6,13% DMSO in PBS
[c-]1ccccc1-c1ccccn1.[c-]1ccccc1-c1ccccn1.c1ccc(-c2nc3ccccc3[nH]2)nc1,Ir,Ir1,xenograft,subcutaneous,HeLa,mouse,BALB/c nu/nu,i.t.,10,4,primary_tumor,monotherapy,FALSE,380,1530,2020,,,24.3,,11,Dark (no irradiation); escalating dose: 5 mg/kg i.t. day 0 + 10 mg/kg i.t. day 7; volumes graph-read from Fig.8A (cm3 converted to mm3); baseline graph-read day 0; no tumor weight reported; authors TGI formula not specified,10.1021/acsami.7b10258,,,,,,,Q7Dx2,0,0/4,"PET diluent (6% PEG400, 3% ethanol, 1% Tween 80, 90% PBS)"
[c-]1ccccc1-c1ccccn1.[c-]1ccccc1-c1ccccn1.c1ccc(-c2nc3ccccc3[nH]2)nc1,Ir,Ir1,xenograft,subcutaneous,HeLa,mouse,BALB/c nu/nu,i.t.,10,4,primary_tumor,monotherapy,TRUE,380,1530,1900,,,19.5,,11,PDT group; 430 nm laser 360 mW/cm2 300 s applied 1 h post injection on days 0 and 7; escalating dose: 5 mg/kg i.t. day 0 + 10 mg/kg i.t. day 7; control light group used as reference; Ir1 light volume identical to Ir1 dark — minimal PDT benefit for Ir1,10.1021/acsami.7b10258,,,,,,,Q7Dx2,0,0/4,"PET diluent (6% PEG400, 3% ethanol, 1% Tween 80, 90% PBS)"
[c-]1ccccc1-c1ccccn1.[c-]1ccccc1-c1ccccn1.c1ccc2cc3[nH]c(-c4ccc5ccccc5n4)nc3cc2c1,Ir,Ir4,xenograft,subcutaneous,HeLa,mouse,BALB/c nu/nu,i.t.,10,4,primary_tumor,monotherapy,FALSE,380,1800,2020,,,10.9,,11,Dark (no irradiation); escalating dose: 5 mg/kg i.t. day 0 + 10 mg/kg i.t. day 7; volumes graph-read from Fig.8A; minimal dark effect consistent with in vitro IC50 >100 uM,10.1021/acsami.7b10258,,,,,,,Q7Dx2,0,0/4,"PET diluent (6% PEG400, 3% ethanol, 1% Tween 80, 90% PBS)"
[c-]1ccccc1-c1ccccn1.[c-]1ccccc1-c1ccccn1.c1ccc2cc3[nH]c(-c4ccc5ccccc5n4)nc3cc2c1,Ir,Ir4,xenograft,subcutaneous,HeLa,mouse,BALB/c nu/nu,i.t.,10,4,primary_tumor,monotherapy,TRUE,380,680,1900,,,64.2,,11,PDT group; 430 nm laser 360 mW/cm2 300 s applied 1 h post injection on days 0 and 7; escalating dose: 5 mg/kg i.t. day 0 + 10 mg/kg i.t. day 7; control light used as reference; authors report TGI=74.5±8.3% (likely delta-volume formula); our Wong et al. formula gives 64.2%; no body weight loss; no deaths,10.1021/acsami.7b10258,,,,,,,Q7Dx2,0,0/4,"PET diluent (6% PEG400, 3% ethanol, 1% Tween 80, 90% PBS)"
CCN(CC)c1ccc2[c-]c(-c3nc4ccccc4s3)c(=O)oc2c1.CCN(CC)c1ccc2[c-]c(-c3nc4ccccc4s3)c(=O)oc2c1.C[N+](C)(C)Cc1ccc(-c2ccc(C[N+](C)(C)C)cn2)nc1,Ir,Ir3,syngeneic,subcutaneous,CT-26,mouse,BALB/c,i.t.,,5,primary_tumor,monotherapy,FALSE,100,,,0.956,1.156,12.9,17.3,14,Ir3 without light irradiation (dark group); Dose: i.t. 500 uM 25 uL/mouse (conc. not mg/kg); light: 465 nm 26 mW/cm2 30 min; TGI_volume from relative V/V0 graph-read (no absolute volumes); Control V/V0~9.3 at day 14; Ir3 dark V/V0~8.1,10.1002/ange.202014959,,,,,,,QDx1,0,0/5,PBS
CCN(CC)c1ccc2[c-]c(-c3nc4ccccc4s3)c(=O)oc2c1.CCN(CC)c1ccc2[c-]c(-c3nc4ccccc4s3)c(=O)oc2c1.C[N+](C)(C)Cc1ccc(-c2ccc(C[N+](C)(C)C)cn2)nc1,Ir,Ir3,syngeneic,subcutaneous,CT-26,mouse,BALB/c,i.t.,,5,primary_tumor,monotherapy,TRUE,100,,,0.516,1.156,48.4,55.4,14,Ir3 + light (465 nm 26 mW/cm2 30 min); Dose: i.t. 500 uM 25 uL/mouse (conc. not mg/kg); light: 465 nm 26 mW/cm2 30 min; TGI_volume from relative V/V0 graph-read (no absolute volumes); Control V/V0~9.3 at day 14; Ir3+Light V/V0~4.8; p<0.001 vs control,10.1002/ange.202014959,,,,,,,QDx1,0,0/5,PBS